Lender Rank,Lender Name,Loans Guaranteed,Avg. Loan Amount,Total Loan Amount
,Grand Total,"383,115","$269,861 ","$103,387,908,034 "
1,VETERANS UNITED HOME LOANS,"40,869","$227,485 ","$9,297,069,909 "
2,USAA FSB,"28,912","$265,519 ","$7,676,679,928 "
3,NAVY FEDERAL CREDIT UNION,"23,870","$272,770 ","$6,511,014,405 "
4,QUICKEN LOANS INC.,"9,702","$246,545 ","$2,391,978,548 "
5,FAIRWAY INDEPENDENT MTG CORP,"8,988","$263,520 ","$2,368,520,823 "
6,"WELLS FARGO BANK, NA","6,644","$279,124 ","$1,854,496,782 "
7,MOVEMENT MORTGAGE LLC,"5,674","$253,425 ","$1,437,934,783 "
8,GUILD MORTGAGE COMPANY,"5,617","$268,745 ","$1,509,541,978 "
9,DHI MORTGAGE COMPANY LTD,"5,342","$269,256 ","$1,438,364,418 "
10,LOANDEPOT,"5,256","$335,036 ","$1,760,950,982 "
11,"CALIBER HOME LOANS, INC","5,196","$302,361 ","$1,571,069,698 "
12,"PRIMELENDING, A PLAINSCAPITAL COMPANY","4,904","$266,153 ","$1,305,215,555 "
13,FLAGSTAR BANK FSB,"4,783","$304,947 ","$1,458,560,372 "
14,"STEARNS LENDING, LLC.","4,679","$327,181 ","$1,530,881,880 "
15,"UNITED SHORE FINANCIAL SERVICES, LLC","4,171","$298,687 ","$1,245,821,784 "
16,"EAGLE HOME MORTGAGE, LLC","4,144","$321,584 ","$1,332,645,409 "
17,ACADEMY MORTGAGE CORP,"3,599","$272,418 ","$980,430,855 "
18,CALIBER FUNDING LLC,"3,080","$342,664 ","$1,055,404,423 "
19,GUARANTEED RATE INC,"2,982","$310,345 ","$925,448,244 "
20,PACIFIC UNION FINANCIAL LLC,"2,940","$246,291 ","$724,094,869 "
21,BROKER SOLUTIONS INC,"2,802","$270,509 ","$757,966,793 "
22,FINANCE OF AMERICA MORTGAGE LLC,"2,781","$325,942 ","$906,443,362 "
23,FREEDOM MORTGAGE CORP,"2,662","$272,801 ","$726,196,249 "
24,CMG FINANCIAL,"2,445","$286,854 ","$701,358,203 "
25,"HOMEBRIDGE FINANCIAL SERVICES, INC","2,376","$318,881 ","$757,660,640 "
26,"WINTRUSTMTG A DIV OF BARRINGTON BANK AND TRUST, NA","2,373","$195,973 ","$465,044,286 "
27,NBKC BANK,"2,354","$339,298 ","$798,708,259 "
28,ATLANTIC BAY MORTGAGE GROUP,"2,275","$248,729 ","$565,858,184 "
29,"CORNERSTONE HOME LENDING, INC.","2,262","$292,111 ","$660,755,556 "
30,CROSSCOUNTRY MORTGAGE INC,"2,152","$298,693 ","$642,787,504 "
31,EVERETT FINANCIAL,"1,976","$264,091 ","$521,844,267 "
32,AMERICAN PACIFIC MORTGAGE CORP,"1,961","$353,301 ","$692,823,577 "
33,NVR MORTGAGE,"1,905","$373,964 ","$712,400,506 "
34,HOME POINT FINANCIAL CORP.,"1,890","$277,505 ","$524,485,056 "
35,TOWNEBANK DBA TOWNEBANK MORTGAGE,"1,829","$302,883 ","$553,973,877 "
36,US BANK NA,"1,727","$224,996 ","$388,568,886 "
37,PULTE MORTGAGE LLC,"1,683","$318,197 ","$535,525,635 "
38,PRIMARY RESIDENTIAL MORTGAGE INC,"1,659","$254,418 ","$422,079,718 "
39,BANK OF OKLAHOMA NA,"1,587","$330,603 ","$524,667,595 "
40,"GATEWAY MORTGAGE GROUP, LLC","1,556","$234,692 ","$365,180,035 "
41,CARRINGTON MORTGAGE SERVICES LLC,"1,541","$235,781 ","$363,337,751 "
42,FRANKLIN AMERICAN MORTGAGE,"1,526","$232,528 ","$354,837,493 "
43,NORTH AMERICAN SAVINGS BANK FSB,"1,511","$328,790 ","$496,801,819 "
44,OVM FINANCIAL INC,"1,437","$246,138 ","$353,700,456 "
45,UNION HOME MORTGAGE CORP,"1,373","$210,562 ","$289,102,070 "
46,IFREEDOM DIRECT CORPORATION,"1,359","$182,659 ","$248,233,777 "
47,NOVA FINANCIAL & INVESTMENT CORP.,"1,347","$257,844 ","$347,316,351 "
48,FIDELITY BANK,"1,325","$265,775 ","$352,151,581 "
49,FBC MORTGAGE LLC,"1,308","$271,125 ","$354,631,153 "
50,PLAZA HOME MORTGAGE INC,"1,276","$252,653 ","$322,385,297 "
51,HOMESTREET BANK,"1,230","$368,450 ","$453,193,359 "
52,SWBC MORTGAGE CORP,"1,230","$244,268 ","$300,449,648 "
53,ARK-LA-TEX FINANCIAL SERVICES LLC,"1,204","$253,692 ","$305,445,168 "
54,PROSPERITY HOME MORTGAGE LLC,"1,184","$351,647 ","$416,350,216 "
55,PARAMOUNT RESIDENTIAL MORTGAGE GROUP INC,"1,126","$294,547 ","$331,660,308 "
56,RESIDENTIAL MORTGAGE SERVICES,"1,069","$256,418 ","$274,110,890 "
57,"JPMORGAN CHASE BANK, NA","1,068","$277,724 ","$296,609,198 "
58,"ENVOY MORTGAGE, LTD","1,031","$265,682 ","$273,918,623 "
59,NEW PENN FINANCIAL LLC,"1,018","$297,260 ","$302,610,744 "
60,AMCAP MORTGAGE LIMITED,"1,012","$245,528 ","$248,474,722 "
61,MORTGAGE SOLUTIONS OF COLORADO LLC,973,"$244,539 ","$237,936,334 "
62,BAY EQUITY LLC,942,"$313,905 ","$295,698,385 "
63,PLATINUM MORTGAGE INC,942,"$240,138 ","$226,210,463 "
64,AMERIS BANK,934,"$250,960 ","$234,396,707 "
65,FIRSTBANK,933,"$256,446 ","$239,264,534 "
66,CHERRY CREEK MORTGAGE CO INC,928,"$323,451 ","$300,162,250 "
67,INTERLINC MORTGAGE SERVICES LLC,920,"$234,750 ","$215,969,888 "
68,ON Q FINANCIAL INC,891,"$265,020 ","$236,133,179 "
69,BANK OF ENGLAND,887,"$255,978 ","$227,052,859 "
70,WATERSTONE MORTGAGE CORPORATION,860,"$250,480 ","$215,412,998 "
71,FIRST HOME MORTGAGE CORP,850,"$385,410 ","$327,598,632 "
72,MORTGAGE LENDERS OF AMERICA,850,"$231,046 ","$196,389,299 "
73,"CERTAINTY HOME LOANS, LLC",843,"$248,876 ","$209,802,183 "
74,BRANCH BANKING & TRUST CO,841,"$244,211 ","$205,381,547 "
75,EVERGREEN MONEYSOURCE MTG CORP,836,"$309,683 ","$258,894,667 "
76,SUMMIT FUNDING,811,"$310,221 ","$251,589,314 "
77,DAS ACQUISITION COMPANY LLC,796,"$207,028 ","$164,794,581 "
78,AMERICAN FINANCIAL NETWORK INC,789,"$290,983 ","$229,585,779 "
79,"LENDUS, LLC",788,"$288,016 ","$226,956,588 "
80,REGIONS BANK,788,"$215,946 ","$170,165,364 "
81,"CARDINAL FINANCIAL CO., LIMITED PARTNERSHIP",765,"$280,568 ","$214,634,350 "
82,FIRST COMMUNITY MORTGAGE INC,760,"$223,636 ","$169,963,640 "
83,PEOPLES HOME EQUITY,759,"$261,356 ","$198,369,119 "
84,MANN MORTGAGE LLC,754,"$320,059 ","$241,324,171 "
85,GEORGE MASON MORTGAGE LLC,726,"$407,461 ","$295,816,494 "
86,AMERICAN FINANCIAL RESOURCES INC,724,"$210,088 ","$152,103,502 "
87,HUNTINGTON NATIONAL BANK,718,"$172,247 ","$123,673,639 "
88,MORTGAGE INVESTORS GROUP,718,"$215,755 ","$154,912,034 "
89,"MID AMERICA MORTGAGE, INC.",717,"$230,651 ","$165,376,666 "
90,SUNTRUST BANK,711,"$291,848 ","$207,503,835 "
91,CITYWIDE HOME LOANS A UTAH CORP,702,"$310,259 ","$217,801,993 "
92,ALPHA MORTGAGE CORP,701,"$193,795 ","$135,849,961 "
93,FIRST CHOICE LOAN SERVICES,693,"$301,174 ","$208,713,339 "
94,"HOMESERVICES LENDING, LLC",691,"$261,367 ","$180,604,580 "
95,"GARDNER FINANCIAL SERVICES, LTD.",683,"$277,043 ","$189,220,704 "
96,SIERRA PACIFIC MORTGAGE,683,"$315,335 ","$215,373,583 "
97,JG WENTWORTH HOME LENDING LLC,652,"$306,586 ","$199,893,950 "
98,CITYWORTH MORTGAGE,651,"$205,724 ","$133,926,643 "
99,"EMBRACE HOME LOANS, INC.",651,"$284,638 ","$185,299,357 "
100,LEADERONE FINANCIAL CORPORATION,650,"$242,198 ","$157,428,669 "
101,PENNYMAC LOAN SERVICES LLC,637,"$289,409 ","$184,353,393 "
102,HOMESTAR FINANCIAL CORPORATION,636,"$223,052 ","$141,861,021 "
103,RUOFF MORTGAGE CO INC,629,"$189,303 ","$119,071,448 "
104,MCLEAN MORTGAGE CORPORATION,620,"$431,962 ","$267,816,668 "
105,"PNC BANK, N.A.",619,"$221,154 ","$136,894,370 "
106,FIRST FEDERAL BANK,616,"$239,436 ","$147,492,517 "
107,BRIDGEVIEW BANK GROUP,614,"$257,395 ","$158,040,485 "
108,"NEW DAY FINANCIAL, LLC",613,"$204,440 ","$125,321,546 "
109,HOMEAMERICAN MORTGAGE CORP,612,"$392,943 ","$240,481,169 "
110,TRUSTMARK NATIONAL BANK,612,"$214,253 ","$131,123,052 "
111,TIDEWATER MORTGAGE SERVICES INC,597,"$272,160 ","$162,479,518 "
112,THE FEDERAL SAVINGS BANK,596,"$301,460 ","$179,669,899 "
113,NBH CORPORATION,594,"$323,574 ","$192,202,825 "
114,SOUTHERN TRUST MORTGAGE,593,"$286,154 ","$169,689,358 "
115,THE MORTGAGE FIRM INC,573,"$248,029 ","$142,120,508 "
116,NORTHPOINTE BANK,571,"$281,495 ","$160,733,665 "
117,"GUARANTEED RATE AFFINITY, LLC",561,"$336,361 ","$188,698,774 "
118,"UNIVERSITY LENDING GROUP, LLC",553,"$241,131 ","$133,345,422 "
119,NATIONS DIRECT MORTGAGE LLC,548,"$290,391 ","$159,134,418 "
120,UMPQUA BANK,545,"$296,215 ","$161,437,258 "
121,AMERIFIRST FINANCIAL,540,"$304,153 ","$164,242,721 "
122,GMFS LLC,534,"$230,760 ","$123,225,786 "
123,RENASANT BANK,532,"$217,318 ","$115,613,074 "
124,AMERICAN MORTGAGE SERVICE CO,529,"$215,929 ","$114,226,403 "
125,BNC NATIONAL BANK,527,"$321,214 ","$169,279,816 "
126,PENTAGON FEDERAL CREDIT UNION,524,"$288,330 ","$151,084,828 "
127,GUARANTY TRUST CO,523,"$229,483 ","$120,019,579 "
128,"FLAT BRANCH MORTGAGE, INC",516,"$174,867 ","$90,231,512 "
129,MB FINANCIAL BANK,516,"$324,619 ","$167,503,280 "
130,AMERIFIRST FINANCIAL CORP,504,"$174,049 ","$87,720,945 "
131,HOMESTEAD FUNDING CORP,498,"$234,631 ","$116,846,278 "
132,ATLANTIC COAST MORTGAGE LLC,492,"$455,257 ","$223,986,617 "
133,GERSHMAN INVESTMENT CORP,487,"$211,952 ","$103,220,769 "
134,CALCON MUTUAL MORTGAGE LLC,474,"$242,579 ","$114,982,534 "
135,DITECH FINANCIAL LLC,474,"$318,409 ","$150,925,796 "
136,CALATLANTIC MORTGAGE INC,470,"$357,704 ","$168,120,663 "
137,ALASKA USA FEDERAL CREDIT UNION,468,"$299,860 ","$140,334,293 "
138,"ACOPIA, LLC",463,"$240,334 ","$111,274,499 "
139,"HIGHLANDS RESIDENTIAL MORTGAGE, LTD",461,"$263,192 ","$121,331,666 "
140,SECURITY NATIONAL MORTGAGE COMPANY,461,"$261,383 ","$120,497,674 "
141,MORTGAGE ONE OF THE SOUTH INC,459,"$260,234 ","$119,447,271 "
142,CALIFORNIA DEPARTMENT OF VETERANS AFFAIRS,458,"$375,846 ","$172,137,516 "
143,NATIONS LENDING CORPORATION,455,"$211,658 ","$96,304,540 "
144,"LAND HOME FINANCIAL SERVICES, INC.",449,"$311,919 ","$140,051,817 "
145,NATIONS RELIABLE LENDING LLC,449,"$241,238 ","$108,315,902 "
146,BANK OF AMERICA NA,445,"$250,704 ","$111,563,115 "
147,AMERICAN NEIGHBORHOOD MORTGAGE ACCEPTANCE COMPANY,442,"$245,177 ","$108,368,247 "
148,VANDYK MORTGAGE CORP,441,"$239,993 ","$105,836,718 "
149,NFM INC,439,"$280,137 ","$122,980,080 "
150,V.I.P. MORTGAGE INC,439,"$292,369 ","$128,349,966 "
151,KS STATEBANK,437,"$359,236 ","$156,986,324 "
152,GOLDEN EMPIRE MORTGAGE INC,433,"$341,856 ","$148,023,548 "
153,AXIA FINANCIAL LLC,427,"$306,199 ","$130,746,942 "
154,PRIME MORTGAGE LENDING INC,425,"$259,493 ","$110,284,682 "
155,RESIDENTIAL MORTGAGE LLC,424,"$339,409 ","$143,909,292 "
156,CENTURY MORTGAGE COMPANY,422,"$279,207 ","$117,825,261 "
157,WALLICK & VOLK,422,"$255,891 ","$107,985,884 "
158,FIRST HERITAGE MORTGAGE LLC,421,"$457,803 ","$192,735,191 "
159,FIFTH THIRD MORTGAGE CO OHIO,418,"$183,870 ","$76,857,561 "
160,"MI FINANCIAL, LLC",415,"$334,593 ","$138,856,298 "
161,FIRST UNITED BANK AND TRUST CO,395,"$247,088 ","$97,599,955 "
162,MICHIGAN MUTUAL INC,383,"$286,342 ","$109,668,919 "
163,MORTGAGE NETWORK INC,382,"$305,674 ","$116,767,374 "
164,"SHELTER MORTGAGE COMPANY, LLC",382,"$279,032 ","$106,590,399 "
165,CRESCENT MORTGAGE COMPANY,378,"$218,444 ","$82,571,676 "
166,F&M BANK,376,"$243,273 ","$91,470,628 "
167,"HOMEOWNERS FINANCIAL GROUP USA, LLC",374,"$266,251 ","$99,577,737 "
168,AMERICAN MORTGAGE & EQUITY CONSULTANTS INC.,373,"$250,190 ","$93,321,020 "
169,ARVEST BANK,373,"$205,192 ","$76,536,450 "
170,FIRST GUARANTY MORTGAGE CORP,365,"$252,587 ","$92,194,314 "
171,"MYCUMORTGAGE,LLC SUBSIDIARY OF WRIGHT-PATT CU",363,"$172,999 ","$62,798,511 "
172,CITIZENS BANK NA,358,"$254,177 ","$90,995,316 "
173,AMERICAN SECURITY MORTGAGE CORP,353,"$244,440 ","$86,287,330 "
174,"TIAA, FSB",349,"$329,803 ","$115,101,091 "
175,PRESIDENTIAL BANK,345,"$362,463 ","$125,049,590 "
176,CASTLE & COOKE MORTGAGE LLC,341,"$278,910 ","$95,108,393 "
177,STATE BANK AND TRUST COMPANY,337,"$216,209 ","$72,862,309 "
178,"EQUITY RESOURCES, INC",335,"$223,089 ","$74,734,723 "
179,MAGNOLIA BANK,335,"$210,547 ","$70,533,231 "
180,K HOVNANIAN AMERICAN MORTGAGE LLC,333,"$360,223 ","$119,954,207 "
181,UNIVERSAL LENDING CORPORATION,330,"$306,964 ","$101,298,096 "
182,"BANKSOUTH MORTGAGE COMPANY, LLC",325,"$253,574 ","$82,411,623 "
183,PINNACLE BANK,323,"$242,967 ","$78,478,198 "
184,"NTFN, INC.",322,"$229,876 ","$74,020,103 "
185,SUCCESS MORTGAGE PARTNERS INC,318,"$221,482 ","$70,431,218 "
186,IBERIABANK,316,"$247,411 ","$78,181,894 "
187,THE MONEY SOURCE INC,310,"$245,965 ","$76,249,190 "
188,CHURCHILL MORTGAGE CORPORATION,309,"$267,578 ","$82,681,740 "
189,BELL BANK,307,"$266,401 ","$81,785,063 "
190,"OPEN MORTGAGE, LLC",298,"$193,283 ","$57,598,435 "
191,MORTGAGE 1 INCORPORATED,296,"$197,057 ","$58,328,931 "
192,PERL MORTGAGE INC,296,"$260,036 ","$76,970,801 "
193,PEOPLES MORTGAGE COMPANY,295,"$272,362 ","$80,346,821 "
194,GOLDWATER BANK NA,290,"$272,760 ","$79,100,301 "
195,FIRST FEDERAL BANK OF KANSAS CITY,282,"$334,137 ","$94,226,511 "
196,ROYAL PACIFIC FUNDING CORPORATION,282,"$358,687 ","$101,149,696 "
197,C&F MORTGAGE CORPORATION,281,"$302,906 ","$85,116,662 "
198,SUNSTREET MORTGAGE LLC,279,"$224,660 ","$62,680,023 "
199,HOME AMERICA LENDING CORP.,276,"$401,193 ","$110,729,162 "
200,RESIDENTIAL MORTGAGE CORP,276,"$222,342 ","$61,366,324 "
201,SOUTHEAST MORTGAGE OF GEORGIA,270,"$236,222 ","$63,780,004 "
202,BANCORPSOUTH BANK,269,"$212,421 ","$57,141,333 "
203,WILLAMETTE VALLEY BANK,266,"$271,608 ","$72,247,809 "
204,ALCOVA MORTGAGE LLC,264,"$237,773 ","$62,772,047 "
205,FIRST NATIONAL BANK OF OMAHA,264,"$251,066 ","$66,281,293 "
206,TOWNE MORTGAGE CO,264,"$189,160 ","$49,938,290 "
207,"COLONIAL SAVINGS, F. A.",253,"$283,191 ","$71,647,221 "
208,INTEGRITY HOME MORTGAGE CORP,251,"$289,607 ","$72,691,280 "
209,"POTOMAC MORTGAGE GROUP, INC",250,"$402,146 ","$100,536,434 "
210,HOMESIDE FINANCIAL LLC,248,"$243,200 ","$60,313,618 "
211,"NETWORK FUNDING, LP",247,"$246,568 ","$60,902,256 "
212,EUSTIS MORTGAGE CORP,246,"$212,049 ","$52,164,005 "
213,INLANTA MORTGAGE INC,245,"$218,303 ","$53,484,242 "
214,SOUTH STATE BANK,245,"$235,996 ","$57,818,997 "
215,FIRST NATIONAL BANK KILLEEN DBA,242,"$213,201 ","$51,594,696 "
216,"PARKSIDE LENDING, LLC",242,"$350,762 ","$84,884,285 "
217,PREMIUM MORTGAGE CORP.,242,"$196,504 ","$47,553,887 "
218,ALLIANCE FINANCIAL RESOURCES LLC,241,"$211,334 ","$50,931,570 "
219,FIRST INTERSTATE BANK,241,"$273,495 ","$65,912,206 "
220,SERVICE FIRST MORTGAGE CORP,241,"$257,524 ","$62,063,317 "
221,INTERCOASTAL MORTGAGE CO,239,"$505,895 ","$120,908,840 "
222,CORNERSTONE MORTGAGE INC,238,"$203,229 ","$48,368,559 "
223,"E MORTGAGE MANAGEMENT, LLC",238,"$258,820 ","$61,599,105 "
224,GMH MORTGAGE SERVICES LLC,238,"$240,345 ","$57,202,011 "
225,MARKETPLACE HOME MTG LLC,229,"$272,476 ","$62,397,074 "
226,LHM FINANCIAL,228,"$281,734 ","$64,235,420 "
227,"SOUTHWEST FUNDING, LP",228,"$208,644 ","$47,570,810 "
228,CITY BANK MORTGAGE,227,"$225,893 ","$51,277,809 "
229,DRAPER AND KRAMER MORTGAGE CORP,226,"$290,115 ","$65,566,091 "
230,MORTGAGE FINANCIAL SERVICES LLC,226,"$245,240 ","$55,424,234 "
231,"THRIVE MORTGAGE, LLC",224,"$281,052 ","$62,955,604 "
232,"HAMILTON GROUP FUNDING, INC",223,"$247,081 ","$55,099,086 "
233,EVOLVE BANK & TRUST,221,"$254,628 ","$56,272,775 "
234,MORTGAGE ACCESS CORP,221,"$328,860 ","$72,678,043 "
235,"HARBORONE MORTGAGE, LLC",220,"$266,499 ","$58,629,805 "
236,"SYNERGY ONE LENDING, INC",219,"$404,904 ","$88,673,908 "
237,FIRST SAVINGS MORTGAGE CORPORATION,217,"$525,231 ","$113,975,019 "
238,STOCKTON MORTGAGE CORPORATION,217,"$182,457 ","$39,593,095 "
239,"ASSURANCE FINANCIAL GROUP, LLC",216,"$245,261 ","$52,976,306 "
240,CAPITAL BANK NA,216,"$322,021 ","$69,556,607 "
241,INTERNATIONAL CITY MORTGAGE,216,"$492,446 ","$106,368,442 "
242,DIAMOND RESIDENTIAL MORTGAGE CORPORATION,213,"$223,198 ","$47,541,132 "
243,AMERICAN FINANCING CORP,212,"$282,277 ","$59,842,685 "
244,CLM MORTGAGE LLC,212,"$349,900 ","$74,178,800 "
245,GLACIER BANK,212,"$262,406 ","$55,630,155 "
246,HUNT MORTGAGE CORPORATION,211,"$238,553 ","$50,334,747 "
247,M & T BANK,209,"$249,060 ","$52,053,626 "
248,BUSEY BANK,208,"$229,326 ","$47,699,905 "
249,"CENDERA FUNDING, INC",205,"$253,445 ","$51,956,131 "
250,"PLANET HOME LENDING, LLC",204,"$289,295 ","$59,016,082 "
251,REPUBLIC STATE MORTGAGE,204,"$221,461 ","$45,178,002 "
252,WYNDHAM CAPITAL MORTGAGE INC,204,"$278,566 ","$56,827,396 "
253,SHEA MORTGAGE,203,"$453,063 ","$91,971,877 "
254,HALLMARK HOME MORTGAGE LLC,202,"$224,451 ","$45,339,105 "
255,IDAHO CENTRAL CREDIT UNION,202,"$244,188 ","$49,325,987 "
256,MOUNTAIN WEST FINANCIAL,202,"$348,192 ","$70,334,845 "
257,HOMETOWN LENDERS INC,201,"$213,777 ","$42,969,241 "
258,EAGLE BANK,200,"$215,812 ","$43,162,399 "
259,UNION SAVINGS BANK,199,"$221,379 ","$44,054,424 "
260,GSF MORTGAGE CORPORATION,197,"$217,301 ","$42,808,352 "
261,"INSPIRE HOME LOANS, INC.",195,"$352,998 ","$68,834,695 "
262,GVC MORTGAGE,193,"$187,756 ","$36,236,948 "
263,"PREMIER HOME MORTGAGE, INC",193,"$246,296 ","$47,535,041 "
264,DELMAR FINANCIAL CO,192,"$230,291 ","$44,215,814 "
265,BANK '34,191,"$223,841 ","$42,753,690 "
266,AMERISAVE MORTGAGE CORP,190,"$271,883 ","$51,657,834 "
267,ENT CREDIT UNION,189,"$318,706 ","$60,235,357 "
268,CENTENNIAL BANK,188,"$262,570 ","$49,363,077 "
269,"COMMERCE HOME MORTGAGE, INC.",187,"$368,501 ","$68,909,739 "
270,ROCKY MOUNTAIN MORTGAGE CO,187,"$190,919 ","$35,701,857 "
271,SIRVA MORTGAGE INC,187,"$351,299 ","$65,692,901 "
272,"PHH HOME LOANS, LLC",186,"$327,308 ","$60,879,209 "
273,DIRECTORS MORTGAGE INC,184,"$330,480 ","$60,808,244 "
274,TRUHOME SOLUTIONS LLC,184,"$251,649 ","$46,303,458 "
275,"FIRST FINANCIAL BANK, N.A.",183,"$233,662 ","$42,760,227 "
276,NORTH STATE BANK,183,"$239,809 ","$43,885,020 "
277,GOLD STAR MORTGAGE FINANCIAL GROUP CORP,181,"$265,030 ","$47,970,506 "
278,HOMETRUST MORTGAGE,181,"$242,454 ","$43,884,085 "
279,LENDSMART MORTGAGE LLC,181,"$229,048 ","$41,457,672 "
280,STOCKMAN BANK OF MONTANA,181,"$239,766 ","$43,397,732 "
281,"PILGRIM MORTGAGE, LLC",180,"$256,932 ","$46,247,742 "
282,SUN WEST MORTGAGE COMPANY INC,180,"$265,709 ","$47,827,612 "
283,COMMUNITY FIRST NATIONAL BANK,178,"$214,917 ","$38,255,309 "
284,SKYLINE FINANCIAL CORP,177,"$372,742 ","$65,975,307 "
285,VICTORIAN FINANCE LLC,177,"$195,685 ","$34,636,225 "
286,"KELLER MORTGAGE, LLC",173,"$270,079 ","$46,723,745 "
287,EQUITY PRIME MORTGAGE LLC,172,"$265,958 ","$45,744,801 "
288,HANCOCK MORTGAGE PARTNERS LLC,172,"$228,519 ","$39,305,343 "
289,FIRST CENTENNIAL MORTGAGE,171,"$262,691 ","$44,920,175 "
290,HOWARD HANNA MORTGAGE SERVICES,169,"$192,607 ","$32,550,516 "
291,JAMS-O1 INC,169,"$471,849 ","$79,742,406 "
292,TBI MORTGAGE COMPANY,169,"$486,253 ","$82,176,763 "
293,PLANTERS FIRST BANK,168,"$204,028 ","$34,276,670 "
294,"PRIORITY HOME MORTGAGE, L.P.",168,"$374,176 ","$62,861,535 "
295,SYNOVUS MORTGAGE CORP,168,"$214,135 ","$35,974,647 "
296,HOWARD BANK,167,"$364,828 ","$60,926,254 "
297,IMPAC MORTGAGE CORP.,167,"$314,137 ","$52,460,797 "
298,PREMIER MORTGAGE RESOURCES LLC,167,"$304,057 ","$50,777,589 "
299,DUBUQUE BANK & TRUST,166,"$239,094 ","$39,689,555 "
300,QUEENSBOROUGH NATIONAL BANK & TRUST COMPANY,166,"$236,792 ","$39,307,475 "
301,"FIRST MORTGAGE SOLUTIONS, LLC",165,"$341,176 ","$56,294,101 "
302,POINT MORTGAGE CORP,164,"$446,459 ","$73,219,318 "
303,US MORTGAGE CORPORATION,164,"$228,627 ","$37,494,863 "
304,PLATINUM HOME MORTGAGE CORP,163,"$251,809 ","$41,044,880 "
305,FIRST STATE BANK OF ST. CHARLES,161,"$254,978 ","$41,051,394 "
306,HOMESPIRE MORTGAGE CORPORATION,161,"$358,237 ","$57,676,088 "
307,WOLFE FINANCIAL INC,161,"$209,563 ","$33,739,706 "
308,ALL WESTERN MORTGAGE,160,"$310,323 ","$49,651,719 "
309,"ALTERRA GROUP, LLC",159,"$273,543 ","$43,493,355 "
310,GENEVA FINANCIAL LLC,159,"$262,485 ","$41,735,124 "
311,BAY CAPITAL MORTGAGE CORPORATION,158,"$370,706 ","$58,571,574 "
312,PACIFIC RESIDENTIAL MORTGAGE LLC,158,"$298,034 ","$47,089,432 "
313,TIDEWATER HOME FUNDING LLC,158,"$271,808 ","$42,945,642 "
314,"1ST PRIORITY MORTGAGE, INC.",157,"$187,195 ","$29,389,682 "
315,BRAND MORTGAGE GROUP LLC,157,"$271,718 ","$42,659,700 "
316,GREAT PLAINS NATIONAL BANK,157,"$228,886 ","$35,935,102 "
317,CSTONE MORTGAGE INC,156,"$437,123 ","$68,191,194 "
318,MERIDIAN BANK,156,"$236,672 ","$36,920,813 "
319,"NOIC, INC.",156,"$210,188 ","$32,789,267 "
320,ATLANTIC HOME LOANS,155,"$271,345 ","$42,058,447 "
321,NORWICH COMMERCIAL GROUP INC.,155,"$256,694 ","$39,787,608 "
322,PRIMEWEST MORTGAGE CORPORATION,155,"$197,428 ","$30,601,343 "
323,INDEPENDENT BANK,154,"$228,726 ","$35,223,795 "
324,ALLIED MORTGAGE GROUP INC,152,"$259,623 ","$39,462,717 "
325,MIDWEST MORTGAGE ASSOCIATES CORP,152,"$278,954 ","$42,401,004 "
326,ASSOCIATED BANK,149,"$185,038 ","$27,570,640 "
327,SILVERTON MORTGAGE SPECIALISTS,149,"$251,558 ","$37,482,081 "
328,FRANKLIN LOAN CORP,147,"$377,338 ","$55,468,643 "
329,"ISERVE RESIDENTIAL LENDING, LLC",147,"$321,762 ","$47,299,033 "
330,"WILLOW BEND MORTGAGE COMPANY, LLC",147,"$255,810 ","$37,604,089 "
331,VERITAS FUNDING LLC,146,"$297,681 ","$43,461,400 "
332,AMERICAN INTERNET MORTGAGE,144,"$244,854 ","$35,258,923 "
333,PROVIDENT BANK MORTGAGE,143,"$417,600 ","$59,716,808 "
334,SENTE MORTGAGE CORPORATION,143,"$233,384 ","$33,373,982 "
335,MEGASTAR FINANCIAL CORP,142,"$314,802 ","$44,701,855 "
336,LOANSTAR HOME LOANS LLC,141,"$319,076 ","$44,989,660 "
337,FIRST HOME BANK,139,"$283,826 ","$39,451,822 "
338,1ST SECURITY BANK,138,"$351,894 ","$48,561,373 "
339,LOW VA RATES,137,"$250,683 ","$34,343,634 "
340,BANK OF LITTLE ROCK MTG CORP,136,"$201,061 ","$27,344,274 "
341,COMMUNITY MORTGAGE CORP,136,"$247,368 ","$33,642,051 "
342,FIRST COLONY MORTGAGE CORP,136,"$304,667 ","$41,434,777 "
343,GREAT WESTERN FINANCIAL SERVICES INC,136,"$267,444 ","$36,372,332 "
344,STIFEL BANK & TRUST,136,"$259,919 ","$35,348,977 "
345,TRIDENT MORTGAGE COMPANY LP,136,"$268,509 ","$36,517,252 "
346,BANK OF HAWAII,135,"$388,959 ","$52,509,410 "
347,DATA MORTGAGE INC,135,"$348,974 ","$47,111,444 "
348,LAKE MICHIGAN CREDIT UNION,135,"$219,237 ","$29,597,049 "
349,COMMONWEALTH BANK & TRUST COMPANY,134,"$218,195 ","$29,238,144 "
350,SUNFLOWER BANK N A,134,"$235,792 ","$31,596,188 "
351,AMERICAN SOUTHWEST MORTGAGE CORP,130,"$221,294 ","$28,768,215 "
352,FLANAGAN STATE BANK,130,"$174,945 ","$22,742,799 "
353,SIMMONS BANK,130,"$203,892 ","$26,505,932 "
354,PEOPLES BANK,129,"$287,042 ","$37,028,406 "
355,"JMAC LENDING, INC.",128,"$387,560 ","$49,607,661 "
356,"THE HOME LENDING GROUP, LLC",128,"$207,734 ","$26,589,889 "
357,UNIVERSITY OF IOWA COMMUNITY CREDIT UNION,128,"$238,857 ","$30,573,682 "
358,FIRST NATIONAL BANK,125,"$229,787 ","$28,723,374 "
359,BEACH COMMUNITY MTG SVCS INC,123,"$291,234 ","$35,821,747 "
360,MIDLAND MORTGAGE CO,123,"$214,925 ","$26,435,718 "
361,AMERICAN PORTFOLIO MORTGAGE CORPORATION,122,"$291,484 ","$35,561,074 "
362,HANCOCK WHITNEY BANK,122,"$278,426 ","$33,967,985 "
363,CHEMICAL BANK & TRUST COMPANY,120,"$191,357 ","$22,962,781 "
364,FLORIDA CAPITAL BANK N.A.,120,"$262,066 ","$31,447,967 "
365,MORTGAGE SERVICES III LLC,120,"$195,714 ","$23,485,668 "
366,"CORRIDOR MORTGAGE GROUP, INC.",118,"$303,591 ","$35,823,792 "
367,SUMMIT MORTGAGE CORPORATION,118,"$296,022 ","$34,930,568 "
368,FIRSTBANK PUERTO RICO,116,"$174,640 ","$20,258,257 "
369,PLAINS COMMERCE BANK,116,"$209,750 ","$24,331,011 "
370,RP FUNDING INC,116,"$230,953 ","$26,790,495 "
371,CORE BANK,115,"$280,580 ","$32,266,695 "
372,KEESLER FEDERAL CREDIT UNION,115,"$196,719 ","$22,622,708 "
373,LEGACY MORTGAGE LLC,115,"$224,085 ","$25,769,718 "
374,BREMER BANK NA,114,"$225,066 ","$25,657,559 "
375,ACCESS NATIONAL BANK,113,"$313,455 ","$35,420,468 "
376,CONGRESSIONAL BANK,113,"$214,417 ","$24,229,129 "
377,TRIUMPH BANK,113,"$250,547 ","$28,311,779 "
378,"NVR MORTGAGE FINANCE, INC.",112,"$264,836 ","$29,661,651 "
379,RESOURCE LENDERS INCORPORATED,112,"$340,726 ","$38,161,347 "
380,COMMUNITY BANK OF MS,111,"$216,162 ","$23,993,950 "
381,COUNTRY CLUB MORTGAGE,111,"$276,765 ","$30,720,936 "
382,DYBN FINANCIAL CORP,111,"$310,526 ","$34,468,430 "
383,SOUTHWEST STAGE FUNDING LLC,111,"$166,521 ","$18,483,879 "
384,FARMERS & STOCKMENS BANK,109,"$351,440 ","$38,306,908 "
385,"INTERCAP LENDING, INC",109,"$277,465 ","$30,243,670 "
386,VILLAGE MORTGAGE COMPANY,109,"$267,782 ","$29,188,287 "
387,LOAN SIMPLE INC,108,"$264,336 ","$28,548,242 "
388,ASSOCIATED MORTGAGE CORP,105,"$204,454 ","$21,467,688 "
389,LANDMARK NATIONAL BANK,105,"$181,407 ","$19,047,749 "
390,MORTGAGE AMERICA INC,105,"$212,130 ","$22,273,638 "
391,FIRST EQUITY MORTGAGE INC,104,"$401,992 ","$41,807,128 "
392,PARAMOUNT EQUITY MORTGAGE LLC,104,"$357,513 ","$37,181,308 "
393,JONAH BANK OF WYOMING,103,"$276,210 ","$28,449,632 "
394,OPPORTUNITY BANK OF MONTANA,103,"$273,099 ","$28,129,237 "
395,MASON-MCDUFFIE,101,"$390,914 ","$39,482,323 "
396,AMERICAN NATIONAL BANK,100,"$192,173 ","$19,217,255 "
397,EVANSVILLE TEACHERS FEDERAL CREDIT UNION,100,"$201,537 ","$20,153,693 "
398,"FULTON BANK, N.A.",100,"$289,977 ","$28,997,728 "
399,"HOWARD HANNA FINANCIAL SERVICES, INC.",100,"$189,627 ","$18,962,675 "
400,POLARIS HOME FUNDING CORP,99,"$167,229 ","$16,555,673 "
401,AMERICAN SOUTHWEST MORTGAGE FUNDING CORP,98,"$180,692 ","$17,707,792 "
402,SAC FEDERAL CREDIT UNION,98,"$222,019 ","$21,757,855 "
403,TOP FLITE FINANCIAL INC,98,"$206,150 ","$20,202,734 "
404,FIRST FLORIDA BANK,97,"$357,354 ","$34,663,358 "
405,FIRST  BANK,96,"$253,040 ","$24,291,880 "
406,VETERANS HOME PURCHASE BOARD,96,"$179,555 ","$17,237,267 "
407,FIRST CONTINENTAL MORTGAGE CO,95,"$385,004 ","$36,575,351 "
408,KEYBANK NATIONAL ASSOCIATION,95,"$176,396 ","$16,757,664 "
409,NATIONSTAR MORTGAGE LLC,95,"$255,498 ","$24,272,345 "
410,BANCO POPULAR DE PUERTO RICO,94,"$163,341 ","$15,354,086 "
411,"FIRST OPTION MORTGAGE, LLC",94,"$236,888 ","$22,267,469 "
412,PARAGON HOME LOANS INC,94,"$166,949 ","$15,693,212 "
413,"SUBURBAN MORTGAGE, INC.",94,"$260,695 ","$24,505,356 "
414,CITIZENS BANK OF LAS CRUCES,93,"$224,248 ","$20,855,108 "
415,COMPASS MORTGAGE INC,92,"$260,648 ","$23,979,648 "
416,"FINANCIAL CONCEPTS, LLC",92,"$195,469 ","$17,983,107 "
417,FIRST NATIONAL BANK OF PA,92,"$231,274 ","$21,277,238 "
418,"INTERCONTINENTAL CAPITAL GROUP, INC.",92,"$304,942 ","$28,054,704 "
419,ROSS MORTGAGE CORP,92,"$210,768 ","$19,390,632 "
420,FIRST CITIZENS BANK & TRUST,91,"$206,863 ","$18,824,530 "
421,NEST HOME LENDING LLC,91,"$374,731 ","$34,100,538 "
422,"SEFCU SERVICES, LLC",91,"$196,655 ","$17,895,575 "
423,APEX HOME LOANS INC,90,"$409,094 ","$36,818,471 "
424,COUNTRYPLACE MORTGAGE LTD,90,"$180,468 ","$16,242,152 "
425,"TJC MORTGAGE, INC.",90,"$210,027 ","$18,902,464 "
426,BANNER BANK,89,"$280,625 ","$24,975,586 "
427,IOWA BANKERS MORTGAGE CORP,89,"$168,250 ","$14,974,241 "
428,"OCMBC, INC",89,"$342,789 ","$30,508,239 "
429,KINGS MORTGAGE SERVICES,88,"$270,844 ","$23,834,306 "
430,ALERUS FINANCIAL,87,"$274,108 ","$23,847,427 "
431,COMMUNITY MORTGAGE LLC,87,"$186,314 ","$16,209,333 "
432,FIRST INTERNET BANK OF INDIANA,87,"$295,646 ","$25,721,182 "
433,GREENTREE MORTGAGE CO LP,87,"$219,470 ","$19,093,865 "
434,PREMIA MORTGAGE LLC,87,"$344,503 ","$29,971,785 "
435,SANDY SPRING BANK,87,"$452,342 ","$39,353,726 "
436,SOUTH PACIFIC FINANCIAL CORP,87,"$321,754 ","$27,992,633 "
437,UNITED COMMUNITY BANK,87,"$243,307 ","$21,167,718 "
438,NORTHPOINT MORTGAGE,86,"$285,528 ","$24,555,371 "
439,"SERVION, INC",86,"$196,982 ","$16,940,412 "
440,CONTOUR MORTGAGE CORPORATION,85,"$304,957 ","$25,921,363 "
441,OAKSTAR BANK,85,"$290,312 ","$24,676,497 "
442,UNITED FIDELITY FUNDING CORPORATION,85,"$248,306 ","$21,105,987 "
443,HERITAGE BANK,84,"$211,669 ","$17,780,185 "
444,MORTGAGE EXPRESS LLC,83,"$357,960 ","$29,710,703 "
445,"FIRST ARKANSAS FINANCIAL, INC.",82,"$190,119 ","$15,589,733 "
446,RESIDENTIAL MORTGAGE NETWORK INC,82,"$215,207 ","$17,646,937 "
447,RESOURCE FINANCIAL SERVICES INC,82,"$214,844 ","$17,617,245 "
448,"CWM PARTNERS, L.P.",81,"$228,477 ","$18,506,616 "
449,GATE CITY BANK,80,"$232,545 ","$18,603,563 "
450,VANDERBILT MORTGAGE & FINANCE INC,80,"$249,267 ","$19,941,336 "
451,WEST PENN FINANCIAL SVC CENTER INC,80,"$178,779 ","$14,302,293 "
452,WESBANCO BANK INC,79,"$188,088 ","$14,858,927 "
453,1ST MARINER BANK,78,"$417,239 ","$32,544,655 "
454,360 MORTGAGE GROUP LLC,78,"$274,370 ","$21,400,827 "
455,"CHRISTENSEN FINANCIAL, INC.",78,"$272,134 ","$21,226,420 "
456,"NP, INC",77,"$296,282 ","$22,813,752 "
457,WHOLESALE CAPITAL CORPORATION,77,"$351,503 ","$27,065,719 "
458,1ST FINANCIAL INC,76,"$286,774 ","$21,794,860 "
459,ALLEN TATE MORTGAGE PARTNERS LLC,76,"$242,301 ","$18,414,904 "
460,HIGHTECH LENDING,76,"$441,690 ","$33,568,433 "
461,ANGEL OAK HOME LOANS LLC,75,"$273,953 ","$20,546,453 "
462,DIRECT MORTGAGE LOANS LLC,75,"$261,210 ","$19,590,774 "
463,GREAT WESTERN BANK,75,"$201,856 ","$15,139,237 "
464,COMPASS BANK,74,"$209,585 ","$15,509,286 "
465,CRESTMARK MORTGAGE,74,"$356,840 ","$26,406,130 "
466,TRINITY OAKS MORTGAGE,74,"$341,790 ","$25,292,463 "
467,"ADVISA MORTGAGE SERVICES, LTD",73,"$300,778 ","$21,956,775 "
468,"BLUE RIDGE BANK, NATIONAL ASSOCIATION",73,"$248,610 ","$18,148,559 "
469,REDSTONE FEDERAL CREDIT UNION,73,"$196,287 ","$14,328,928 "
470,RESIDENTIAL HOME FUNDING CORP,73,"$293,944 ","$21,457,879 "
471,ANCHOR MORTGAGE SERVICES,72,"$237,967 ","$17,133,651 "
472,"TOWN SQUARE MORTGAGE & INVESTMENTS, INC.",72,"$242,163 ","$17,435,770 "
473,"VICTORY MORTGAGE, LLC",72,"$301,215 ","$21,687,494 "
474,"DIGNIFIED HOME LOANS, LLC",71,"$346,103 ","$24,573,300 "
475,LINCOLN SAVINGS BANK,71,"$227,238 ","$16,133,891 "
476,"RESMAC, INC",71,"$236,418 ","$16,785,661 "
477,WISCONSIN MORTGAGE CORP,71,"$221,157 ","$15,702,150 "
478,CAPITAL CITY BANK,70,"$236,548 ","$16,558,342 "
479,EXCHANGE BANK,70,"$187,553 ","$13,128,743 "
480,FIRST FINANCIAL BANK,70,"$199,997 ","$13,999,763 "
481,SRP FEDERAL CREDIT UNION,70,"$220,711 ","$15,449,737 "
482,STARBOARD FINANCIAL MANAGEMENT LLC,70,"$267,946 ","$18,756,232 "
483,SUMMIT MORTGAGE CORP,70,"$265,369 ","$18,575,863 "
484,THE MONEY HOUSE INC,70,"$153,661 ","$10,756,273 "
485,TOWN AND COUNTRYBANC MORTGAGE SERVICES INC,70,"$147,966 ","$10,357,588 "
486,JMJ FINANCIAL GROUP DBA THE COASTAL LENDING GROUP,69,"$487,508 ","$33,638,063 "
487,ORIGIN BANK,69,"$216,855 ","$14,963,026 "
488,FIRST STATE BANK,68,"$220,430 ","$14,989,227 "
489,HOME SOLUTION LENDERS INC,68,"$214,167 ","$14,563,381 "
490,PROGRESS BANK & TRUST,68,"$262,344 ","$17,839,402 "
491,SIERRA PACIFIC MORTGAGE CO INC,68,"$298,966 ","$20,329,682 "
492,ARKANSAS FEDERAL CREDIT UNION,67,"$209,223 ","$14,017,974 "
493,LIBERTY HOME MORTGAGE CORPORATION,67,"$198,500 ","$13,299,470 "
494,WATSON MORTGAGE CORP,67,"$240,068 ","$16,084,545 "
495,DIRECT MORTGAGE CORP,66,"$294,029 ","$19,405,905 "
496,RESIDENTIAL BANCORP,66,"$272,833 ","$18,006,957 "
497,HONOLULU HOMELOANS INC,65,"$515,290 ","$33,493,862 "
498,MEMBERS 1ST FEDERAL CREDIT UNION,65,"$241,274 ","$15,682,789 "
499,"VITEK R.E.I.G.,INC.",65,"$379,010 ","$24,635,681 "
500,AMERICA'S CHOICE HOME LOANS LP,64,"$266,603 ","$17,062,572 "
501,FC LENDING LTD,64,"$385,246 ","$24,655,745 "
502,MIDLAND STATES BANK,64,"$220,956 ","$14,141,165 "
503,THE MORTGAGE COMPANY,64,"$275,064 ","$17,604,103 "
504,FBT MORTGAGE,63,"$220,677 ","$13,902,633 "
505,FIRST BANK DBA  FIRST BANK MORTGAGE,63,"$262,985 ","$16,568,049 "
506,FIRST SECURITY BANK,63,"$196,731 ","$12,394,079 "
507,PATRIOT BANK,63,"$321,811 ","$20,274,112 "
508,TYNDALL FEDERAL CREDIT UNION,63,"$205,738 ","$12,961,518 "
509,1ST SIGNATURE LENDING LLC,62,"$220,263 ","$13,656,320 "
510,ARMED FORCES BANK NA,62,"$229,093 ","$14,203,759 "
511,CENTRAL PACIFIC BANK,62,"$609,906 ","$37,814,185 "
512,FIRST NATIONAL BANK OF MIDDLE TENNESSEE,62,"$239,076 ","$14,822,682 "
513,NATION ONE MORTGAGE CORPORATION,62,"$230,536 ","$14,293,206 "
514,PIKE CREEK MORTGAGE SERVICES,62,"$274,546 ","$17,021,875 "
515,RAPID MORTGAGE COMPANY,62,"$191,342 ","$11,863,224 "
516,"THE LENDING PARTNERS, LLC",62,"$337,395 ","$20,918,500 "
517,ADVISORS MORTGAGE GROUP LLC,61,"$286,994 ","$17,506,662 "
518,BANGOR SAVINGS BANK,61,"$193,897 ","$11,827,741 "
519,DIRECTIONS EQUITY LLC,61,"$265,448 ","$16,192,323 "
520,MOUNTAIN AMERICA CREDIT UNION,61,"$256,096 ","$15,621,846 "
521,WASHINGTON TRUST BANK,61,"$288,772 ","$17,615,072 "
522,GULF COAST BANK & TRUST CO,60,"$254,094 ","$15,245,614 "
523,INTEGRITY FIRST FINANCIAL GROUP INC,60,"$308,104 ","$18,486,212 "
524,NATIONAL BANK OF COMMERCE,60,"$294,974 ","$17,698,444 "
525,CAMDEN NATIONAL BANK,59,"$216,821 ","$12,792,410 "
526,MYMOVE MORTGAGE LLC,59,"$347,957 ","$20,529,437 "
527,SCENIC OAKS FUNDING,59,"$323,128 ","$19,064,563 "
528,"TD BANK, NATIONAL ASSOCIATION",59,"$232,895 ","$13,740,803 "
529,"UNION MORTGAGE GROUP, INC.",59,"$331,007 ","$19,529,424 "
530,WATERMARK CAPITAL INC,59,"$378,863 ","$22,352,944 "
531,DRAGAS MORTGAGE CO,58,"$305,719 ","$17,731,727 "
532,FIRST INTERNATIONAL BANK & TRUST,58,"$261,018 ","$15,139,035 "
533,MORTGAGE CENTRAL LLC,58,"$324,108 ","$18,798,264 "
534,TOWN & COUNTRY CREDIT UNION,58,"$238,942 ","$13,858,655 "
535,"J.VIRGIL, INC.",57,"$173,208 ","$9,872,831 "
536,ORIENTAL BANK & TRUST,57,"$158,945 ","$9,059,881 "
537,RUHL MORTGAGE,57,"$206,826 ","$11,789,087 "
538,SECURITY HOME MORTGAGE LLC,57,"$303,826 ","$17,318,084 "
539,SOUTHPOINT FINANCIAL SERVICES,57,"$209,983 ","$11,969,029 "
540,WESTSTAR BANK,57,"$222,292 ","$12,670,646 "
541,WYOMING BANK & TRUST,57,"$251,085 ","$14,311,865 "
542,BANK OF THE PACIFIC,56,"$283,033 ","$15,849,870 "
543,COMMERCE BANK,56,"$177,730 ","$9,952,865 "
544,EASTMAN CREDIT UNION,56,"$165,724 ","$9,280,538 "
545,FIRST AMERICAN BANK,56,"$194,470 ","$10,890,301 "
546,JAMES B NUTTER & CO,56,"$260,807 ","$14,605,218 "
547,KEY MORTGAGE SERVICES INC,56,"$255,801 ","$14,324,837 "
548,ZB NATIONAL ASSOCIATION,56,"$319,553 ","$17,894,962 "
549,CITIZENS SAVINGS & LOAN ASSOCIATION,55,"$265,837 ","$14,621,028 "
550,"CORPORATE INVESTORS MORTGAGE GROUP, INC.",55,"$300,958 ","$16,552,691 "
551,PARAMOUNT BOND & MORTGAGE CO INC,55,"$236,477 ","$13,006,236 "
552,"SOUTH CENTRAL BANK, INC.",55,"$197,430 ","$10,858,670 "
553,ABSOLUTE HOME MORTGAGE CORP.,54,"$252,891 ","$13,656,089 "
554,AFFILIATED BANK,54,"$282,958 ","$15,279,731 "
555,MORTGAGE INVESTMENT SERVICES CORPORATION,54,"$164,353 ","$8,875,038 "
556,MORTGAGE MANAGEMENT CONSULTANT INC,54,"$332,064 ","$17,931,434 "
557,UNITED MORTGAGE CORP,54,"$335,974 ","$18,142,610 "
558,VERIDIAN CREDIT UNION,54,"$191,224 ","$10,326,095 "
559,LINCOLN FEDERAL SAVINGS BANK OF NEBRASKA,53,"$232,018 ","$12,296,965 "
560,LPMC LLC,53,"$293,057 ","$15,532,022 "
561,RADIUS FINANCIAL GROUP INC,53,"$328,785 ","$17,425,613 "
562,STANDARD MORTGAGE CORP,53,"$221,966 ","$11,764,185 "
563,AUGUSTA MORTGAGE CO,52,"$242,672 ","$12,618,939 "
564,CHARTER WEST NATIONAL BANK,52,"$203,841 ","$10,599,723 "
565,HURON VALLEY FINANCIAL,52,"$250,165 ","$13,008,593 "
566,RMR FINANCIAL LLC,52,"$334,924 ","$17,416,031 "
567,SAN DIEGO FUNDING,52,"$592,484 ","$30,809,143 "
568,AMERICAN PREFERRED LENDING,51,"$423,669 ","$21,607,121 "
569,"FIRST AMERICAN MORTGAGE, INC",51,"$216,835 ","$11,058,595 "
570,FIRST WORLD MORTGAGE CORPORATION,51,"$260,833 ","$13,302,501 "
571,GRAYSTONE FUNDING LLC,51,"$309,668 ","$15,793,062 "
572,GUARANTY MORTGAGE SERVICES LLC,51,"$232,354 ","$11,850,060 "
573,"TOTAL MORTGAGE SERVICES, LLC",51,"$275,302 ","$14,040,410 "
574,ACRE MORTGAGE & FINANCIAL INC,50,"$225,046 ","$11,252,285 "
575,BANK OF UTAH,50,"$310,851 ","$15,542,542 "
576,CADENCE BANK NA,50,"$210,259 ","$10,512,974 "
577,CENTRAL BANK,50,"$233,594 ","$11,679,706 "
578,LENOX FINANCIAL MORTGAGE CORP,50,"$395,135 ","$19,756,766 "
579,MORTGAGE MASTERS OF INDIANA INC,50,"$190,758 ","$9,537,887 "
580,NJ LENDERS CORP,50,"$352,305 ","$17,615,244 "
581,SUN AMERICAN MORTGAGE CO,50,"$213,989 ","$10,699,434 "
582,"THE AMERICAN EAGLE MORTGAGE CO., LLC",50,"$181,207 ","$9,060,357 "
583,EAGLEBANK,49,"$458,371 ","$22,460,173 "
584,FIRST NATIONS HOME FINANCE CORP,49,"$235,410 ","$11,535,068 "
585,INLAND BANK AND TRUST,49,"$247,522 ","$12,128,565 "
586,RANLIFE INC,49,"$251,606 ","$12,328,717 "
587,BANCFIRST CORP,48,"$162,015 ","$7,776,734 "
588,BEAR STATE BANK,48,"$204,569 ","$9,819,290 "
589,COLUMBUS CAPITAL LENDING LLC,48,"$275,571 ","$13,227,409 "
590,MARINE BANK,48,"$199,291 ","$9,565,980 "
591,NEVADA FEDERAL CREDIT UNION,48,"$287,074 ","$13,779,543 "
592,PATRIOT MORTGAGE COMPANY,48,"$203,428 ","$9,764,541 "
593,RESIDENTIAL ACCEPTANCE CORPORATION,48,"$183,651 ","$8,815,254 "
594,RESIDENTIAL WHOLESALE MORTGAGE,48,"$522,923 ","$25,100,288 "
595,AMERICAN MIDWEST MORTGAGE CORP,47,"$198,980 ","$9,352,053 "
596,CBM MORTGAGE INC,47,"$311,543 ","$14,642,532 "
597,FIRST WESTERN TRUST BANK,47,"$465,186 ","$21,863,723 "
598,LEADER BANK,47,"$424,973 ","$19,973,715 "
599,REPUBLIC FIRST BANK,47,"$268,425 ","$12,615,995 "
600,BANK OF THE WEST,46,"$221,806 ","$10,203,066 "
601,"FAMILY FIRST FUNDING, LLC",46,"$281,175 ","$12,934,054 "
602,MORTGAGE EQUITY PARTNERS LLC,46,"$260,898 ","$12,001,303 "
603,"MUSA FINANCIAL , LLC",46,"$287,737 ","$13,235,903 "
604,PRIORITY BANK,46,"$179,502 ","$8,257,071 "
605,RELIANCE FIRST CAPITAL LLC,46,"$216,713 ","$9,968,783 "
606,"THE FIRST, A NATIONAL BANKING ASSOC",46,"$212,180 ","$9,760,292 "
607,FIRST BANK,45,"$223,611 ","$10,062,495 "
608,SYRACUSE SECURITIES INC,45,"$189,783 ","$8,540,229 "
609,WEST TOWN BANK & TRUST,45,"$278,653 ","$12,539,398 "
610,BANK2,44,"$228,655 ","$10,060,819 "
611,PREFERRED MORTGAGE CORP,44,"$156,736 ","$6,896,372 "
612,"RIGHT START MORTGAGE, INC",44,"$219,353 ","$9,651,543 "
613,SIBCY CLINE MORTGAGE SERVICES INC,44,"$220,992 ","$9,723,635 "
614,WEI MORTGAGE CORP,44,"$286,264 ","$12,595,627 "
615,"AMERICAN BANCSHARES MTG, LLC",43,"$269,315 ","$11,580,549 "
616,BRIGHTON BANK,43,"$250,949 ","$10,790,814 "
617,GRANDE HOMES INC,43,"$497,850 ","$21,407,569 "
618,HAMILTON MORTGAGE CORP,43,"$215,582 ","$9,270,027 "
619,RCB BANK,43,"$193,962 ","$8,340,355 "
620,VICTORY COMMUNITY BANK,43,"$266,338 ","$11,452,547 "
621,GREATER NEVADA LLC,42,"$290,040 ","$12,181,668 "
622,GROUP ONE MORTGAGE INC,42,"$275,974 ","$11,590,919 "
623,NEXBANK SSB,42,"$262,054 ","$11,006,264 "
624,OLD NATIONAL BANK,42,"$205,124 ","$8,615,205 "
625,SOUTHPOINT BANK,42,"$207,182 ","$8,701,657 "
626,THE STATE BANK & TRUST COMPANY,42,"$200,798 ","$8,433,513 "
627,AUGUSTA FINANCIAL,41,"$463,978 ","$19,023,090 "
628,BANK OF IDAHO,41,"$217,510 ","$8,917,927 "
629,CENTRAL BANK & TRUST CO,41,"$216,840 ","$8,890,433 "
630,CENTRAL NATIONAL BANK,41,"$169,681 ","$6,956,910 "
631,COMPASS HOME LOANS,41,"$544,917 ","$22,341,600 "
632,ENDEAVOR CAPITAL LLC,41,"$219,206 ","$8,987,448 "
633,EQUITY BANK,41,"$173,251 ","$7,103,293 "
634,SOUTHERN FIDELITY MORTGAGE,41,"$285,459 ","$11,703,830 "
635,"SOUTHERN FIRST BANK, N.A.",41,"$254,856 ","$10,449,091 "
636,"STAUNTON FINANCIAL, INC.",41,"$235,238 ","$9,644,757 "
637,UNITED SECURITY FINANCIAL CORP,41,"$296,491 ","$12,156,125 "
638,ALAMEDA MORTGAGE CORP,40,"$444,366 ","$17,774,637 "
639,BANK OF COLORADO,40,"$290,570 ","$11,622,799 "
640,TRADITION MORTGAGE LLC,40,"$388,587 ","$15,543,493 "
641,VALLEY MORTGAGE INC,40,"$211,504 ","$8,460,152 "
642,AMERICA FIRST FEDERAL CREDIT UNION,39,"$257,884 ","$10,057,483 "
643,FIDELITY FUNDING MORTGAGE CORP,39,"$243,403 ","$9,492,733 "
644,FRANKLIN FIRST FINANCIAL LTD.,39,"$370,055 ","$14,432,145 "
645,GREAT SOUTHERN BANK,39,"$166,337 ","$6,487,128 "
646,"HOME MORTGAGE ALLIANCE, LLC",39,"$415,709 ","$16,212,632 "
647,ONY GLO INC,39,"$390,718 ","$15,237,986 "
648,QUARRY CITY SAVINGS AND LOAN ASSOC,39,"$196,958 ","$7,681,361 "
649,RED RIVER BANK,39,"$238,491 ","$9,301,151 "
650,VILLAGE BANK MORTGAGE CORPORATION,39,"$274,326 ","$10,698,711 "
651,AMARILLO NATIONAL BANK,38,"$203,836 ","$7,745,768 "
652,BANK OF TENNESSEE,38,"$246,991 ","$9,385,657 "
653,CARROLLTON BANK,38,"$214,325 ","$8,144,340 "
654,FIRST NORTHERN BANK OF WYOMING,38,"$234,585 ","$8,914,223 "
655,FREEDOM BANK OF VIRGINIA,38,"$347,970 ","$13,222,877 "
656,GATEWAY MORTGAGE CORP,38,"$215,993 ","$8,207,734 "
657,GUARANTY BANK,38,"$185,228 ","$7,038,653 "
658,MIDWEST EQUITY MORTGAGE LLC,38,"$256,653 ","$9,752,826 "
659,ROYAL UNITED MORTGAGE LLC,38,"$138,500 ","$5,263,005 "
660,SIOUX FALLS FEDERAL CREDIT UNION,38,"$226,913 ","$8,622,711 "
661,SUNMARK FEDERAL CREDIT UNION,38,"$246,405 ","$9,363,397 "
662,VISION ONE MORTGAGE,38,"$408,414 ","$15,519,720 "
663,ENVISION BANK,37,"$368,511 ","$13,634,910 "
664,HOME SAVINGS BANK,37,"$208,904 ","$7,729,451 "
665,MORTGAGES UNLIMITED,37,"$275,117 ","$10,179,332 "
666,NORTHEAST BANK FSB,37,"$199,958 ","$7,398,442 "
667,PINNACLE BANK WYOMING,37,"$266,260 ","$9,851,619 "
668,"CENTENNIAL LENDING GROUP, LLC",36,"$288,465 ","$10,384,724 "
669,CENTERSTATE BANK,36,"$284,673 ","$10,248,245 "
670,FIRST COMMONWEALTH BANK,36,"$180,479 ","$6,497,258 "
671,HORIZON BANK,36,"$205,780 ","$7,408,077 "
672,MIDWEST COMMUNITY BANK,36,"$209,232 ","$7,532,346 "
673,SCOTT CREDIT UNION,36,"$183,475 ","$6,605,082 "
674,ALTRA FEDERAL CREDIT UNION,35,"$200,926 ","$7,032,395 "
675,"FIRST EQUITY MORTGAGE BANKERS, INC",35,"$225,343 ","$7,886,998 "
676,JNC MORTGAGE,35,"$190,688 ","$6,674,063 "
677,PLATTE VALLEY BANK OF MISSOURI,35,"$257,327 ","$9,006,430 "
678,THE CARROLL MORTGAGE GROUP INC,35,"$201,783 ","$7,062,400 "
679,1ST PREFERENCE MORTGAGE CORP,34,"$279,097 ","$9,489,294 "
680,AMWEST FUNDING CORP.,34,"$444,754 ","$15,121,635 "
681,GOLDENWEST FEDERAL CREDIT UNION,34,"$277,652 ","$9,440,156 "
682,JFK FINANCIAL INC,34,"$260,622 ","$8,861,152 "
683,MORTGAGE MASTER SERVICE CORP,34,"$348,392 ","$11,845,326 "
684,NORTH SHORE BANK OF COMMERCE,34,"$236,449 ","$8,039,253 "
685,"NORTHERN MORTGAGE SERVICES, LLC",34,"$182,503 ","$6,205,117 "
686,YORK TRADITIONS BANK,34,"$230,214 ","$7,827,286 "
687,A+MORTGAGE SERVICES INC,33,"$265,827 ","$8,772,302 "
688,BLACKRIDGEBANK,33,"$251,451 ","$8,297,894 "
689,CITY FIRST MORTGAGE SERVICES LLC,33,"$268,510 ","$8,860,823 "
690,CREDIT UNION MORTGAGE ASSN,33,"$287,159 ","$9,476,255 "
691,"THE HOME LOAN EXPERT, LLC",33,"$230,648 ","$7,611,374 "
692,WILSON BANK AND TRUST,33,"$244,484 ","$8,067,975 "
693,AMERICAN BANK AND TRUST COMPANY NA,32,"$200,490 ","$6,415,670 "
694,AVADIAN CREDIT UNION,32,"$236,844 ","$7,579,018 "
695,BANKPLUS MORTGAGE BANKING CENTER,32,"$238,851 ","$7,643,221 "
696,BLACK HILLS FEDERAL CREDIT UNION,32,"$217,055 ","$6,945,763 "
697,EQUITABLE MORTGAGE CORPORATION,32,"$225,242 ","$7,207,730 "
698,FIRST BANK & TRUST NA,32,"$234,790 ","$7,513,280 "
699,FIRSTAR BANK,32,"$168,636 ","$5,396,352 "
700,JACKSBORO NATIONAL BANK,32,"$192,027 ","$6,144,874 "
701,LANGLEY FEDERAL CREDIT UNION,32,"$227,073 ","$7,266,350 "
702,PARK NATIONAL BANK,32,"$161,244 ","$5,159,799 "
703,PRIORITY MORTGAGE CORP,32,"$190,751 ","$6,104,042 "
704,SMARTBANK,32,"$238,356 ","$7,627,400 "
705,WILLIAM LYON MORTGAGE,32,"$386,928 ","$12,381,709 "
706,AMERICAN BANK OF OKLAHOMA,31,"$163,194 ","$5,059,012 "
707,AMERICAN NATIONWIDE MORTGAGE CO. INC.,31,"$271,331 ","$8,411,272 "
708,BARTLETT MORTGAGE INC,31,"$248,958 ","$7,717,692 "
709,CAMBRIA FINANCIAL GROUP LLC,31,"$257,298 ","$7,976,232 "
710,DOLLAR BANK FSB,31,"$240,039 ","$7,441,195 "
711,FIRST UTAH BANK,31,"$280,972 ","$8,710,122 "
712,SEMPER HOME LOANS,31,"$265,788 ","$8,239,435 "
713,UNITED NORTHERN MORTGAGE BANKERS,31,"$329,917 ","$10,227,428 "
714,AMERICU CREDIT UNION,30,"$186,150 ","$5,584,486 "
715,CAPSTAR LENDING,30,"$339,541 ","$10,186,234 "
716,CHOICE LENDING CORP,30,"$316,282 ","$9,488,459 "
717,DENALI ALASKAN FEDERAL CREDIT UNION,30,"$316,340 ","$9,490,188 "
718,DIRECT LENDERS LLC,30,"$237,476 ","$7,124,287 "
719,FAIRPORT SAVINGS BANK,30,"$165,512 ","$4,965,363 "
720,FIRST CALIFORNIA MORTGAGE COMPANY,30,"$305,121 ","$9,153,626 "
721,FORTERA FEDERAL CREDIT UNION,30,"$208,310 ","$6,249,305 "
722,GENESEE REGIONAL BANK,30,"$165,713 ","$4,971,381 "
723,HOME FEDERAL BANK,30,"$233,008 ","$6,990,227 "
724,MUFG UNION BANK,30,"$390,408 ","$11,712,242 "
725,NORTHEAST HOME LOAN,30,"$277,800 ","$8,333,989 "
726,WESTERN OHIO MORTGAGE,30,"$166,292 ","$4,988,752 "
727,"CITIBANK, N.A.",29,"$307,492 ","$8,917,270 "
728,COLUMBIA STATE BANK,29,"$311,965 ","$9,046,997 "
729,FIRST ARKANSAS BANK & TRUST,29,"$193,467 ","$5,610,553 "
730,MLD MORTGAGE INC,29,"$231,817 ","$6,722,684 "
731,"SMART CHOICE MORTGAGE, LLC",29,"$422,230 ","$12,244,670 "
732,BEST CAPITAL FUNDING,28,"$378,482 ","$10,597,489 "
733,CENTENNIAL LENDING LLC,28,"$226,322 ","$6,337,009 "
734,DART BANK,28,"$207,835 ","$5,819,377 "
735,EXTRACO BANKS N.A.,28,"$238,185 ","$6,669,168 "
736,FARMERS & MERCHANTS BANK,28,"$198,760 ","$5,565,267 "
737,FIRST PREMIER BANK NA,28,"$239,383 ","$6,702,736 "
738,FRANKLIN SYNERGY BANK,28,"$306,313 ","$8,576,776 "
739,INTEGRITY MORTGAGE CORP,28,"$268,535 ","$7,518,982 "
740,MAIN STREET BANK,28,"$218,530 ","$6,118,834 "
741,ROGUE CREDIT UNION,28,"$245,865 ","$6,884,232 "
742,"SOUTHERN LENDING SERVICES, LTD",28,"$419,446 ","$11,744,491 "
743,CENTIER BANK,27,"$222,547 ","$6,008,759 "
744,CENTRAL BANK OF ST. LOUIS,27,"$256,083 ","$6,914,239 "
745,"COASTALSTATES MORTGAGE, INC.",27,"$211,852 ","$5,720,001 "
746,F AND B ACQUISITION GROUP LLC,27,"$202,129 ","$5,457,489 "
747,FIRST ADVANTAGE BANK,27,"$264,624 ","$7,144,835 "
748,FIRST CITIZENS NATIONAL BANK,27,"$205,784 ","$5,556,177 "
749,GROUP MORTGAGE LLC,27,"$351,292 ","$9,484,872 "
750,LIBERTY FIRST CREDIT UNION AKA BURLINGTON C U,27,"$239,120 ","$6,456,239 "
751,NUMERICA CREDIT UNION,27,"$235,104 ","$6,347,813 "
752,SEACOAST NATIONAL BANK,27,"$291,080 ","$7,859,148 "
753,VIRGINIA CREDIT UNION INC,27,"$252,576 ","$6,819,554 "
754,COASTWAY COMMUNITY BANK,26,"$247,278 ","$6,429,232 "
755,MEMBER FIRST MORTGAGE,26,"$166,461 ","$4,327,986 "
756,NEIGHBORHOOD LOANS,26,"$287,311 ","$7,470,085 "
757,PHH MORTGAGE CORPORATION,26,"$286,872 ","$7,458,660 "
758,"SANTANDER BANK, N.A.",26,"$250,464 ","$6,512,073 "
759,SCOTIABANK DE PR,26,"$150,966 ","$3,925,114 "
760,THE FIRST STATE BANK,26,"$249,874 ","$6,496,723 "
761,TIB-THE INDEPENDENT BANKERS BANK,26,"$200,564 ","$5,214,668 "
762,AMRES CORPORATION,25,"$344,671 ","$8,616,787 "
763,ASPIRE FINANCIAL INC,25,"$250,793 ","$6,269,821 "
764,BLACK HILLS COMMUNITY BANK,25,"$253,705 ","$6,342,623 "
765,FIRST COMMUNITY BANK,25,"$281,063 ","$7,026,582 "
766,FIRST NATIONAL BANK ALASKA,25,"$270,505 ","$6,762,637 "
767,FORTRESS BANK,25,"$167,199 ","$4,179,975 "
768,PLATTE VALLEY BANK,25,"$248,659 ","$6,216,472 "
769,SSBT MORTGAGE GROUP LLC,25,"$281,851 ","$7,046,273 "
770,THE MORTGAGE HOUSE INC,25,"$280,972 ","$7,024,291 "
771,ALPINE BANK,24,"$206,510 ","$4,956,238 "
772,BANKWEST INC,24,"$194,036 ","$4,656,863 "
773,CU MORTGAGE DIRECT LLC,24,"$192,132 ","$4,611,164 "
774,HOME TOWN FUNDING INC,24,"$165,324 ","$3,967,774 "
775,LEADER MORTGAGE CORP,24,"$192,190 ","$4,612,563 "
776,"LRS FINANCIAL NETWORK, DBA HNB MORTGAGE",24,"$268,192 ","$6,436,598 "
777,MARQUEE MORTGAGE,24,"$265,793 ","$6,379,038 "
778,METROPLEX MORTGAGE SERVICES,24,"$161,129 ","$3,867,094 "
779,"PEOPLE'S UNITED BANK, NATIONAL ASSOCIATION",24,"$263,526 ","$6,324,614 "
780,RELIANT BANK MORTGAGE SERVICES,24,"$272,013 ","$6,528,310 "
781,SALEM FIVE MORTGAGE CO. LLC,24,"$318,669 ","$7,648,047 "
782,AIR ACADEMY FCU,23,"$347,564 ","$7,993,961 "
783,AMERICAN BANK MORTGAGE CENTER,23,"$266,449 ","$6,128,331 "
784,CIBM BANK,23,"$245,559 ","$5,647,852 "
785,"DAKOTA COMMUNITY BANK & TRUST, N.A.",23,"$269,919 ","$6,208,146 "
786,EXCHANGE BANK AND TRUST CO,23,"$181,400 ","$4,172,192 "
787,HAPPY  STATE BANK,23,"$220,200 ","$5,064,592 "
788,INTEGRITY MORTGAGE & FINANCIAL INC,23,"$278,964 ","$6,416,168 "
789,MILLENNIUM FINANCIAL GROUP,23,"$260,017 ","$5,980,382 "
790,TTCU - THE CREDIT UNION,23,"$170,877 ","$3,930,165 "
791,WEST GATE BANK,23,"$210,139 ","$4,833,197 "
792,ARBOR BANK,22,"$301,880 ","$6,641,351 "
793,BANK OF SPRINGFIELD,22,"$212,612 ","$4,677,470 "
794,BOEING EMPLOYEES CREDIT UNION,22,"$339,831 ","$7,476,289 "
795,CAPITAL CENTER LLC,22,"$271,382 ","$5,970,394 "
796,COMMONFUND MORTGAGE CORP,22,"$154,507 ","$3,399,159 "
797,FCB BANKS,22,"$214,934 ","$4,728,542 "
798,FIRST DAKOTA NATIONAL BANK,22,"$250,813 ","$5,517,876 "
799,FIRST FEDERAL S&L OF LAKEWOOD,22,"$200,622 ","$4,413,677 "
800,FIRST MERCHANTS BANK,22,"$185,939 ","$4,090,654 "
801,FRONTIER MORTGAGE,22,"$234,807 ","$5,165,762 "
802,"HOUSE OF FINANCE, INC.",22,"$574,580 ","$12,640,770 "
803,"MLB RESIDENTIAL LENDING, LLC",22,"$309,467 ","$6,808,280 "
804,PROSPERITY BANK,22,"$169,327 ","$3,725,196 "
805,RMK FINANCIAL CORP,22,"$217,052 ","$4,775,153 "
806,SHAMROCK FINANCIAL CORP,22,"$273,589 ","$6,018,950 "
807,TRUST MORTGAGE CORP,22,"$172,671 ","$3,798,765 "
808,UNITED BANK,22,"$240,564 ","$5,292,404 "
809,WARSAW FEDERAL SAVINGS AND LOAN ASSOCIATION,22,"$183,664 ","$4,040,602 "
810,"AMERICAN NATIONAL BANK,  MORTGAGE SERVICING",21,"$222,031 ","$4,662,655 "
811,FIRST MIDWEST BANK,21,"$212,388 ","$4,460,140 "
812,"GIBRALTAR MORTGAGE SERVICES, LLC",21,"$267,808 ","$5,623,958 "
813,HOME FINANCING UNLIMITED INC,21,"$314,252 ","$6,599,284 "
814,IDAHO INDEPENDENT BANK,21,"$336,282 ","$7,061,916 "
815,JEFFERSON BANK,21,"$342,581 ","$7,194,204 "
816,MDE HOME LOANS LLC,21,"$341,595 ","$7,173,500 "
817,"MORTGAGE CENTER, L.C",21,"$171,622 ","$3,604,056 "
818,RENDON MORTGAGE BANKERS CORP,21,"$152,554 ","$3,203,643 "
819,REPUBLIC BANK & TRUST CO,21,"$251,898 ","$5,289,857 "
820,SOVEREIGN LENDING GROUP INC,21,"$349,837 ","$7,346,571 "
821,THE UNION BANK COMPANY,21,"$229,487 ","$4,819,225 "
822,TUCKER MORTGAGE LLC,21,"$233,023 ","$4,893,485 "
823,ACCESS BANK,20,"$266,450 ","$5,329,003 "
824,AMERICAN MORTGAGE SERVICES INC,20,"$230,676 ","$4,613,510 "
825,BANKVISTA,20,"$235,478 ","$4,709,550 "
826,CORNERSTONE BANK,20,"$242,129 ","$4,842,574 "
827,FIRSTLIGHT FEDERAL CREDIT UNION,20,"$175,655 ","$3,513,096 "
828,GULF ATLANTIC FUNDING GROUP INC,20,"$326,313 ","$6,526,256 "
829,MORTGAGE SUPPLIERS INC,20,"$146,568 ","$2,931,355 "
830,RF MORTGAGE,20,"$168,736 ","$3,374,727 "
831,SERVICE CREDIT UNION,20,"$193,667 ","$3,873,340 "
832,THE EQUITABLE BANK SSB,20,"$249,463 ","$4,989,254 "
833,AMERICAN HOUSING CAPITAL LLC,19,"$274,191 ","$5,209,626 "
834,ARMSTRONG BANK,19,"$194,687 ","$3,699,051 "
835,BLG HOLDINGS INC,19,"$185,142 ","$3,517,701 "
836,CORTRUST MORTGAGE INC,19,"$228,727 ","$4,345,813 "
837,"ELMIRA SAVINGS BANK, FSB",19,"$124,767 ","$2,370,570 "
838,EMI EQUITY MORTGAGE INC,19,"$151,879 ","$2,885,703 "
839,FIRST COMMUNITY BANK NA,19,"$212,773 ","$4,042,696 "
840,GREENWAY MORTGAGE FUNDING CORPORATION,19,"$280,466 ","$5,328,850 "
841,PATRIOT FEDERAL CREDIT UNION,19,"$182,600 ","$3,469,405 "
842,PROVINCE MORTGAGE ASSOCIATES INC,19,"$304,864 ","$5,792,413 "
843,REPUBLIC BANK & TRUST,19,"$235,410 ","$4,472,790 "
844,UNION SQUARE CREDIT UNION,19,"$163,841 ","$3,112,980 "
845,US EAGLE FEDERAL CREDIT UNION,19,"$233,432 ","$4,435,212 "
846,UTAH MORTGAGE LOAN CORP,19,"$310,555 ","$5,900,541 "
847,AMERICAN SAVINGS BANK,18,"$517,680 ","$9,318,239 "
848,AMERISOUTH MORTGAGE COMPANY,18,"$225,864 ","$4,065,556 "
849,BANKIOWA,18,"$177,705 ","$3,198,687 "
850,"COMMERCIAL BANK OF TEXAS, NA",18,"$252,130 ","$4,538,344 "
851,FIRST TENNESSEE BANK,18,"$231,431 ","$4,165,755 "
852,GEORGIA BANKING COMPANY,18,"$293,599 ","$5,284,780 "
853,GERMAN AMERICAN BANK,18,"$189,837 ","$3,417,057 "
854,"GUARDIAN SAVINGS BANK, FSB",18,"$211,767 ","$3,811,807 "
855,HOME MORTGAGE BANKERS,18,"$126,244 ","$2,272,392 "
856,KIRTLAND FEDERAL CREDIT UNION,18,"$260,200 ","$4,683,607 "
857,MID-ISLAND MORTGAGE CORP.,18,"$390,013 ","$7,020,225 "
858,MIDCOUNTRY BANK,18,"$241,107 ","$4,339,921 "
859,"MILEND, INC",18,"$266,235 ","$4,792,231 "
860,MORTGAGE BROKERS SERVICES INC,18,"$374,060 ","$6,733,087 "
861,NASA FEDERAL CREDIT UNION,18,"$267,343 ","$4,812,171 "
862,ORRSTOWN BANK,18,"$227,082 ","$4,087,476 "
863,TINKER FEDERAL CREDIT UNION,18,"$144,621 ","$2,603,182 "
864,AKT AMERICAN CAPITAL CORP,17,"$351,767 ","$5,980,034 "
865,CENTRIS FEDERAL CREDIT UNION,17,"$199,796 ","$3,396,531 "
866,CITIZENS FIRST BANK,17,"$186,872 ","$3,176,816 "
867,COLTEN MORTGAGE LLC,17,"$364,619 ","$6,198,519 "
868,FIRST ALLIANCE HOME MORTGAGE LLC,17,"$321,364 ","$5,463,189 "
869,FIRST NATIONAL MORTGAGE SERVICES LLC,17,"$208,481 ","$3,544,178 "
870,HOME MORTGAGE ALLIANCE CORP,17,"$444,643 ","$7,558,928 "
871,INTRUST BANK NA,17,"$207,503 ","$3,527,552 "
872,LENDING NETWORK ASSOCIATES,17,"$432,191 ","$7,347,253 "
873,LUXURY MORTGAGE,17,"$327,170 ","$5,561,883 "
874,MAIN SOURCE BANK,17,"$204,129 ","$3,470,192 "
875,MEMBER ADVANTAGE MORTGAGE LLC,17,"$221,655 ","$3,768,141 "
876,OLD SECOND NATIONAL BANK,17,"$264,753 ","$4,500,809 "
877,PERFORMANCE FINANCIAL INC,17,"$442,467 ","$7,521,943 "
878,"PRIME SOURCE MORTGAGE, INC",17,"$368,956 ","$6,272,257 "
879,SECURITY FEDERAL BANK,17,"$237,404 ","$4,035,867 "
880,STATE BANK OF LINCOLN,17,"$139,457 ","$2,370,766 "
881,TEXAS TECH FEDERAL CREDIT UNION,17,"$232,520 ","$3,952,840 "
882,UNION BANK & TRUST CO,17,"$200,125 ","$3,402,118 "
883,"UNIVERSAL MORTGAGE & FINANCE, INC.",17,"$273,524 ","$4,649,915 "
884,WEBSTER BANK,17,"$259,625 ","$4,413,628 "
885,CITIZENS BANK & TRUST COMPANY OF VIVIAN,16,"$243,725 ","$3,899,601 "
886,DEVELOPERS MORTGAGE,16,"$352,524 ","$5,640,384 "
887,"DREW MORTGAGE ASSOCIATES, INC",16,"$308,547 ","$4,936,744 "
888,FFC MORTGAGE CORP,16,"$235,619 ","$3,769,898 "
889,FIRST RELIANCE BANK,16,"$250,454 ","$4,007,256 "
890,GENEQUITY MORTGAGE,16,"$271,850 ","$4,349,604 "
891,HANSCOM FEDERAL CREDIT UNION,16,"$288,952 ","$4,623,238 "
892,HOME FUNDING CORPORATION,16,"$316,110 ","$5,057,765 "
893,LIVE WELL FINANCIAL INC,16,"$310,287 ","$4,964,598 "
894,NEW ENGLAND FEDERAL CREDIT UNION,16,"$248,038 ","$3,968,607 "
895,OLD LINE BANK,16,"$413,599 ","$6,617,581 "
896,PEOPLES INTERMOUNTAIN BANK,16,"$364,308 ","$5,828,932 "
897,UNION CAPITAL MORTGAGE,16,"$248,763 ","$3,980,200 "
898,WESTERN STATE BANK,16,"$228,762 ","$3,660,198 "
899,ACADEMY BANK NA,15,"$248,646 ","$3,729,686 "
900,ATLANTIC PACIFIC MORTGAGE CORPORATION,15,"$237,330 ","$3,559,950 "
901,BLACKHAWK BANK,15,"$147,927 ","$2,218,910 "
902,CACHE VALLEY BANK,15,"$289,368 ","$4,340,515 "
903,CIVISTA BANK,15,"$218,479 ","$3,277,186 "
904,CUSO MORTGAGE CORP AKA CUSO HOME LENDING,15,"$168,537 ","$2,528,058 "
905,DIGITAL EMPLOYEES FED CREDIT UNION,15,"$250,124 ","$3,751,861 "
906,FIRST MORTGAGE COMPANY,15,"$269,579 ","$4,043,683 "
907,FIRST NATIONAL BANK OF GILLETTE,15,"$230,896 ","$3,463,436 "
908,FIRST OKLAHOMA BANK,15,"$229,914 ","$3,448,713 "
909,FREEDOM FIRST FEDERAL CREDIT UNION,15,"$202,105 ","$3,031,579 "
910,LEGACY TEXAS BANK,15,"$289,714 ","$4,345,709 "
911,MEYER MORTGAGE CORP,15,"$241,728 ","$3,625,919 "
912,MICHIGAN FIRST CREDIT UNION,15,"$219,775 ","$3,296,627 "
913,MIDFIRST BANK,15,"$204,475 ","$3,067,122 "
914,NEW FED MORTGAGE CORPORATION,15,"$369,280 ","$5,539,206 "
915,NORTHWEST BANK,15,"$166,597 ","$2,498,953 "
916,SAVINGS INSTITUTE BANK AND TRUST CO,15,"$253,238 ","$3,798,570 "
917,STATE BANK OF DE KALB,15,"$208,577 ","$3,128,652 "
918,STATE FARM BANK,15,"$188,545 ","$2,828,176 "
919,TOTAL MEDIA MANAGEMENT LLC,15,"$246,914 ","$3,703,709 "
920,WESTSTAR MORTGAGE,15,"$259,372 ","$3,890,578 "
921,BARKSDALE FEDERAL CREDIT UNION,14,"$202,489 ","$2,834,844 "
922,BAYSHORE MORTGAGE FUNDING LLC,14,"$289,709 ","$4,055,930 "
923,CATALYST LENDING INC,14,"$309,965 ","$4,339,512 "
924,CITIZENS NATIONAL BANK,14,"$222,070 ","$3,108,978 "
925,DACOTAH BANK,14,"$178,579 ","$2,500,109 "
926,EAST COAST CAPITAL CORP,14,"$322,861 ","$4,520,048 "
927,FIRST HERITAGE FINANCIAL  LLC,14,"$203,671 ","$2,851,391 "
928,HUNTINGDON VALLEY BANK,14,"$241,244 ","$3,377,416 "
929,KIRKPATRICK BANK,14,"$282,539 ","$3,955,550 "
930,LADERA LENDING INC,14,"$463,208 ","$6,484,911 "
931,MOHAVE STATE BANK,14,"$187,516 ","$2,625,220 "
932,MORTGAGE CAPITAL ASSOCIATES INC,14,"$429,112 ","$6,007,564 "
933,NORTHWEST FEDERAL CREDIT UNION,14,"$329,869 ","$4,618,169 "
934,OTERO FEDERAL CREDIT UNION,14,"$218,046 ","$3,052,648 "
935,PRIORITY ONE BANK,14,"$233,510 ","$3,269,136 "
936,ADAMS BANK & TRUST,13,"$172,756 ","$2,245,831 "
937,AIMBANK,13,"$229,925 ","$2,989,025 "
938,BOND STREET MORTGAGE LLC,13,"$342,835 ","$4,456,858 "
939,"CB&S BANK, INC",13,"$185,476 ","$2,411,192 "
940,DENALI STATE BANK,13,"$269,450 ","$3,502,856 "
941,FAIR WAY LENDING LLC,13,"$180,275 ","$2,343,573 "
942,FIRST COMMUNITY CREDIT UNION,13,"$167,599 ","$2,178,793 "
943,GOTMORTGAGE.COM,13,"$331,210 ","$4,305,734 "
944,JERSEY MORTGAGE COMPANY,13,"$337,307 ","$4,384,990 "
945,"JOHNSON MORTGAGE CO, LLC",13,"$283,871 ","$3,690,319 "
946,LIBERTY BANK MINNESOTA,13,"$216,349 ","$2,812,532 "
947,NETWORK CAPITAL FUNDING CORPORATION,13,"$282,286 ","$3,669,718 "
948,NETWORK MORTGAGE SERVICES INC,13,"$338,496 ","$4,400,446 "
949,NORTH SHORE BANK FSB,13,"$282,440 ","$3,671,717 "
950,PIERREMONT MORTGAGE INC,13,"$214,882 ","$2,793,461 "
951,PIONEER BANK,13,"$191,133 ","$2,484,723 "
952,SAIL MORTGAGE CORP,13,"$255,705 ","$3,324,171 "
953,STOCK YARDS BANK & TRUST COMPANY,13,"$234,016 ","$3,042,209 "
954,TEXANA BANK,13,"$214,220 ","$2,784,854 "
955,"UMB BANK, NA",13,"$205,674 ","$2,673,760 "
956,BANK OF CLEVELAND,12,"$231,161 ","$2,773,928 "
957,"BROOKHOLLOW MORTGAGE SERVICES, LTD",12,"$301,947 ","$3,623,363 "
958,"CAPSTONE DIRECT, INC.",12,"$531,869 ","$6,382,423 "
959,CENTERBANK,12,"$318,529 ","$3,822,343 "
960,"CIS FINANCIAL SERVICES, INC.",12,"$193,665 ","$2,323,982 "
961,CITIZENS UNION BANK,12,"$197,548 ","$2,370,572 "
962,"COMMUNITY MORTGAGE LENDING, LLC",12,"$307,948 ","$3,695,375 "
963,CONSUMER FIRST MTG INC,12,"$174,930 ","$2,099,160 "
964,FIRST FEDERAL SAVINGS BANK,12,"$208,000 ","$2,495,997 "
965,FORCHT BANK NA,12,"$203,381 ","$2,440,569 "
966,HORIZON CREDIT UNION,12,"$229,036 ","$2,748,429 "
967,LIBERTY MORTGAGE CORP,12,"$121,452 ","$1,457,421 "
968,MT MCKINLEY BANK,12,"$300,050 ","$3,600,603 "
969,NUSENDA  FEDERAL CREDIT UNION,12,"$235,033 ","$2,820,396 "
970,OAK MORTGAGE COMPANY LLC,12,"$209,326 ","$2,511,912 "
971,OUACHITA INDEPENDENT BANK,12,"$190,280 ","$2,283,364 "
972,PEOPLES EXCHANGE BANK,12,"$203,620 ","$2,443,439 "
973,"T & C REAL ESTATE SERVICES, LLC",12,"$198,436 ","$2,381,234 "
974,AMERISERV FINANCIAL BANK,11,"$219,809 ","$2,417,904 "
975,BANK OF INTERNET USA,11,"$334,088 ","$3,674,970 "
976,COMMONWEALTH MORTGAGE LLC,11,"$323,027 ","$3,553,293 "
977,COMMUNITY FIRST FEDERAL CREDIT UNION,11,"$272,212 ","$2,994,332 "
978,CREDIT UNION 1,11,"$257,163 ","$2,828,789 "
979,ELEMENTS FINANCIAL FEDERAL CREDIT UNION,11,"$243,017 ","$2,673,192 "
980,ENTERPRISE BANK,11,"$185,253 ","$2,037,788 "
981,FARMERS STATE BANK,11,"$256,260 ","$2,818,860 "
982,FIRST NATIONAL BANK OF TRENTON,11,"$306,909 ","$3,376,003 "
983,HR MORTGAGE CORP,11,"$155,813 ","$1,713,945 "
984,IDEAL HOME LOANS LLC,11,"$302,699 ","$3,329,690 "
985,"KLEBERG BANK, N.A.",11,"$211,268 ","$2,323,944 "
986,METRO ISLAND MORTGAGE BANKERS,11,"$118,318 ","$1,301,500 "
987,MONARCH FUNDING CORP,11,"$454,448 ","$4,998,925 "
988,NUDGE FUNDING LLC,11,"$293,009 ","$3,223,104 "
989,PHILADELPHIA MORTGAGE ADVISORS INC,11,"$289,249 ","$3,181,744 "
990,"QUAINT OAK MORTGAGE, LLC",11,"$193,849 ","$2,132,337 "
991,SEVERN SAVINGS BANK FSB,11,"$355,492 ","$3,910,416 "
992,SPIRITBANK,11,"$186,041 ","$2,046,447 "
993,TAYLOR MORRISON HOME FUNDING,11,"$342,054 ","$3,762,594 "
994,TEXAS DOW EMPLOYEES CREDIT UNION,11,"$220,034 ","$2,420,370 "
995,UNIVERSITY OF WISCONSIN CU,11,"$229,320 ","$2,522,518 "
996,UWHARRIE BANK,11,"$284,724 ","$3,131,960 "
997,WESTERN COOP CREDIT UNION,11,"$239,127 ","$2,630,400 "
998,WHEATLAND BANK,11,"$288,791 ","$3,176,699 "
999,1ST SOURCE BANK,10,"$162,136 ","$1,621,361 "
"1,000",AMERICAN FINANCIAL MORTGAGE CORP,10,"$183,890 ","$1,838,904 "
"1,001",BANK INDEPENDENT,10,"$251,127 ","$2,511,274 "
"1,002",BANK OF NEW HAMPSHIRE,10,"$252,626 ","$2,526,257 "
"1,003",BAY-VALLEY MORTGAGE GROUP,10,"$369,292 ","$3,692,920 "
"1,004",BM REAL ESTATE SERVICES INC,10,"$328,005 ","$3,280,053 "
"1,005",CIBC BANK USA,10,"$238,498 ","$2,384,975 "
"1,006",CREDIT UNION WEST,10,"$221,111 ","$2,211,108 "
"1,007",FARMERS BANK & TRUST CO,10,"$178,475 ","$1,784,754 "
"1,008",FIRST INTEGRITY MORTGAGE SVC(S) INC,10,"$192,583 ","$1,925,832 "
"1,009",FIRST LANDMARK BANK,10,"$237,572 ","$2,375,723 "
"1,010",GLENS FALLS NATIONAL BANK & TRUST CO,10,"$208,200 ","$2,082,003 "
"1,011",GTE FEDERAL CREDIT UNION,10,"$222,640 ","$2,226,396 "
"1,012",HIGHLANDS UNION BANK,10,"$176,690 ","$1,766,899 "
"1,013","HOMESITE MORTGAGE, LLC",10,"$263,412 ","$2,634,123 "
"1,014",HUDSON VALLEY FEDERAL CREDIT UNION,10,"$270,972 ","$2,709,716 "
"1,015",INLAND NORTHWEST BANK,10,"$200,878 ","$2,008,775 "
"1,016",INWOOD NATIONAL BANK,10,"$268,429 ","$2,684,286 "
"1,017",JEFFERSON BANK OF MISSOURI,10,"$179,531 ","$1,795,308 "
"1,018",KENTUCKY BANK,10,"$181,927 ","$1,819,274 "
"1,019",KENTUCKY HOUSING CORP,10,"$101,582 ","$1,015,821 "
"1,020",PACOR MORTGAGE CORP,10,"$246,760 ","$2,467,599 "
"1,021","PREMIER MORTGAGE SERVICES, INC.",10,"$216,246 ","$2,162,457 "
"1,022",READY MORTGAGE LENDERS LLC,10,"$272,243 ","$2,722,427 "
"1,023",RELIABANK,10,"$234,360 ","$2,343,598 "
"1,024",RIVERHILLS BANK,10,"$225,288 ","$2,252,883 "
"1,025",ROUNDPOINT MORTGAGE SERVICING CORPORATION,10,"$228,596 ","$2,285,964 "
"1,026",VANTAGE WEST,10,"$193,286 ","$1,932,857 "
"1,027",VERMONT FEDERAL CREDIT UNION,10,"$195,422 ","$1,954,222 "
"1,028",ADAMS COMMUNITY BANK,9,"$198,447 ","$1,786,020 "
"1,029",ALLIED FIRST BANK,9,"$236,279 ","$2,126,515 "
"1,030",BANK OF THE OZARKS,9,"$172,845 ","$1,555,606 "
"1,031",BELEM SERVICING LLC,9,"$230,739 ","$2,076,653 "
"1,032",BERKSHIRE BANK,9,"$203,642 ","$1,832,779 "
"1,033",BRYANT BANK,9,"$258,780 ","$2,329,020 "
"1,034",COMMERCIAL BANK & TRUST CO,9,"$178,093 ","$1,602,841 "
"1,035",COMMUNITY BANC MORTGAGE CORP,9,"$108,671 ","$978,035 "
"1,036",CORTLAND SAVINGS & BANKING CO,9,"$225,315 ","$2,027,836 "
"1,037",FIRST BANK & TRUST,9,"$186,390 ","$1,677,511 "
"1,038","FIRST NEW MEXICO BANK, LAS CRUCES",9,"$250,159 ","$2,251,433 "
"1,039",FIRST SECURITY MORTGAGE INC,9,"$117,005 ","$1,053,043 "
"1,040",IBC BANK,9,"$265,201 ","$2,386,805 "
"1,041",MEADOWBROOK FINANCIAL MORTGAGE BANKERS CORP.,9,"$411,398 ","$3,702,583 "
"1,042",MERCHANTS NATIONAL BANK OF WINONA,9,"$201,035 ","$1,809,316 "
"1,043",NEW WEST LENDING INC,9,"$259,949 ","$2,339,545 "
"1,044","NVR MORTGAGE FINANCE, INC",9,"$303,963 ","$2,735,665 "
"1,045",PEOPLES DISCOUNT MORTGAGE,9,"$344,971 ","$3,104,742 "
"1,046",UNIFIRST MORTGAGE CORP,9,"$281,230 ","$2,531,070 "
"1,047",UNION BANK,9,"$242,656 ","$2,183,904 "
"1,048",UNITED BANK VIRGINIA,9,"$182,661 ","$1,643,945 "
"1,049",1ST COMMUNITY CREDIT UNION,8,"$203,724 ","$1,629,794 "
"1,050",AMERICAN EQUITY MORTGAGE INC,8,"$247,939 ","$1,983,515 "
"1,051",AMERICAN TRUST & SAVINGS BANK,8,"$166,054 ","$1,328,430 "
"1,052",AMERIPRO FUNDING INC,8,"$201,688 ","$1,613,506 "
"1,053",BANK OF COMMERCE,8,"$229,602 ","$1,836,817 "
"1,054",CHAMBERS BANK,8,"$199,430 ","$1,595,439 "
"1,055",COMMUNITY NATIONAL BANK,8,"$191,772 ","$1,534,172 "
"1,056",CORNING CREDIT UNION,8,"$204,971 ","$1,639,766 "
"1,057",FIRST UNITED BANK,8,"$208,087 ","$1,664,692 "
"1,058",FIRST WESTERN MORTGAGE INC,8,"$184,034 ","$1,472,271 "
"1,059",FIRSTBANK SOUTHWEST NA,8,"$201,871 ","$1,614,964 "
"1,060",FORTUNE BANK,8,"$164,208 ","$1,313,667 "
"1,061",GLOBAL  CREDIT UNION,8,"$260,988 ","$2,087,907 "
"1,062",GUARDIAN SAVINGS BANK FSB,8,"$186,183 ","$1,489,467 "
"1,063",HERRING BANK,8,"$258,196 ","$2,065,567 "
"1,064",HIGHMARK FEDERAL CREDIT UNION,8,"$250,675 ","$2,005,398 "
"1,065",HILLTOP NATIONAL BANK,8,"$231,754 ","$1,854,034 "
"1,066",KBHS HOME LOANS LLC,8,"$474,423 ","$3,795,387 "
"1,067",LEGACY NATIONAL BANK,8,"$282,207 ","$2,257,653 "
"1,068",MCCUE MORTGAGE CO,8,"$190,721 ","$1,525,764 "
"1,069",PAPER CITY SAVINGS ASSN,8,"$130,703 ","$1,045,627 "
"1,070",PEOPLES NATIONAL BANK,8,"$318,078 ","$2,544,620 "
"1,071",PIONEER BANK & TRUST,8,"$218,453 ","$1,747,620 "
"1,072",RM ACTUAL MORTGAGE BANKERS,8,"$139,516 ","$1,116,127 "
"1,073",ROSS MORTGAGE,8,"$284,435 ","$2,275,479 "
"1,074",S W I FINANCIAL SERVICE WEST COAST,8,"$544,772 ","$4,358,173 "
"1,075",SOUTHERN BANK & TRUST COMPANY,8,"$322,727 ","$2,581,817 "
"1,076",SOUTHSIDE BANK,8,"$215,093 ","$1,720,747 "
"1,077",SOUTHWEST BANK,8,"$219,724 ","$1,757,792 "
"1,078",THE FARMERS & MECHANICS BANK,8,"$110,177 ","$881,419 "
"1,079",UTAH COMMUNITY FCU,8,"$335,192 ","$2,681,535 "
"1,080",WILSON & MUIR BANK & TRUST COMPANY,8,"$234,034 ","$1,872,275 "
"1,081",YELLOWSTONE BANK,8,"$248,506 ","$1,988,045 "
"1,082",AMERICAN BANK OF THE NORTH,7,"$209,725 ","$1,468,077 "
"1,083",AMERICAN FIDELITY MTG SERVICE INC,7,"$282,620 ","$1,978,342 "
"1,084",AMERICAN FINANCIAL FUNDING CORP,7,"$260,120 ","$1,820,842 "
"1,085","BANKPACIFIC, LTD.",7,"$254,822 ","$1,783,751 "
"1,086",BLUE HILLS BANK,7,"$485,450 ","$3,398,152 "
"1,087",BUFFALO FEDERAL BANK,7,"$230,375 ","$1,612,624 "
"1,088",FARMINGTON BANK,7,"$284,806 ","$1,993,645 "
"1,089",FINANCIAL FUNDING SOLUTIONS INC,7,"$300,149 ","$2,101,045 "
"1,090",FIRST FEDERAL S&L ASSN OF PORT ANGELES,7,"$313,678 ","$2,195,744 "
"1,091",FIRST NATIONAL BANK OF PULASKI,7,"$180,250 ","$1,261,751 "
"1,092",FIRST SECURITY MORTGAGE CORP,7,"$217,209 ","$1,520,461 "
"1,093",FIRST STATE BANK CENTRAL TEXAS,7,"$249,246 ","$1,744,724 "
"1,094",FIRST WESTERN BANK & TRUST,7,"$196,472 ","$1,375,307 "
"1,095","FIRSTCAPITAL BANK OF TEXAS, N.A.",7,"$180,984 ","$1,266,889 "
"1,096",GLENDENNING MORTGAGE CORPORATION,7,"$235,183 ","$1,646,281 "
"1,097",KIRKWOOD BANK AND TRUST CO,7,"$285,402 ","$1,997,814 "
"1,098",LAKE MORTGAGE CO,7,"$213,706 ","$1,495,944 "
"1,099",LIBERTY BANK & TRUST CO,7,"$159,186 ","$1,114,299 "
"1,100",LIBERTY MORTGAGE CO INC,7,"$205,138 ","$1,435,968 "
"1,101",MISSOULA FEDERAL CREDIT UNION,7,"$246,666 ","$1,726,664 "
"1,102",MORTGAGE NOW INC,7,"$278,169 ","$1,947,180 "
"1,103",PRINCETON MORTGAGE CORPORATION,7,"$255,405 ","$1,787,834 "
"1,104",PRIORITY MORTGAGE FUNDING,7,"$336,590 ","$2,356,133 "
"1,105",SABINE STATE BANK & TRUST CO,7,"$167,173 ","$1,170,213 "
"1,106",SAGE BANK,7,"$409,377 ","$2,865,640 "
"1,107",SERVICE FIRST FEDERAL CREDIT UNION,7,"$164,053 ","$1,148,372 "
"1,108",STAR FINANCIAL /STAR FINANCIAL CORP,7,"$418,776 ","$2,931,435 "
"1,109",TEXAS BANK FINANCIAL,7,"$181,594 ","$1,271,157 "
"1,110",THE BANKERS GUARANTEE TITLE & TRUST CO,7,"$196,965 ","$1,378,756 "
"1,111",UNIVEST BANK AND TRUST CO.,7,"$253,662 ","$1,775,631 "
"1,112",VIG MORTGAGE CORPORATION,7,"$165,897 ","$1,161,277 "
"1,113",WILMINGTON SAVINGS FUND SOCIETY FSB,7,"$301,195 ","$2,108,368 "
"1,114",ALL HOME LENDING INC,6,"$404,364 ","$2,426,181 "
"1,115",AMERICAN MORTGAGE CO,6,"$166,042 ","$996,250 "
"1,116","ASSOCIATED MORTGAGE BANKERS, INC",6,"$331,377 ","$1,988,259 "
"1,117",ATLANTIC FINANCIAL INC,6,"$295,040 ","$1,770,239 "
"1,118",AUSTIN CAPITAL BANK SSB,6,"$306,638 ","$1,839,828 "
"1,119",BROADVIEW MORTGAGE CORP,6,"$580,300 ","$3,481,798 "
"1,120",CENTRAL BANK OF WARRENSBURG,6,"$208,366 ","$1,250,195 "
"1,121",CFBANK,6,"$220,785 ","$1,324,707 "
"1,122",CITIZENS NAT BANK GREATER ST LOUIS,6,"$294,250 ","$1,765,501 "
"1,123",COMMUNITY NATIONAL MORTGAGE,6,"$208,795 ","$1,252,768 "
"1,124",FINANCIAL FEDERAL BANK,6,"$512,050 ","$3,072,300 "
"1,125",GET A RATE LLC,6,"$412,234 ","$2,473,404 "
"1,126","GUARANTY BANK & TRUST, N.A.",6,"$153,786 ","$922,717 "
"1,127",INTERSTATE BANK SSB,6,"$209,778 ","$1,258,668 "
"1,128",LIBERTY BANK,6,"$194,603 ","$1,167,618 "
"1,129",MBA MORTGAGE SERVICE,6,"$213,665 ","$1,281,988 "
"1,130","MCCLAIN BANK, NA",6,"$176,682 ","$1,060,090 "
"1,131",NEIGHBORS FINANCIAL CORPORATION,6,"$483,046 ","$2,898,275 "
"1,132",ONPOINT COMMUNITY CREDIT UNION,6,"$291,831 ","$1,750,988 "
"1,133",PINNACLE MORTGAGE INC,6,"$314,972 ","$1,889,830 "
"1,134",SECURITY STATE BANK,6,"$213,977 ","$1,283,859 "
"1,135",SOUTHWEST MISSOURI BANK,6,"$124,402 ","$746,409 "
"1,136",SPIRIT OF ALASKA FEDERAL CREDIT UNION,6,"$159,903 ","$959,418 "
"1,137",SPRINGFIELD FIRST COMMUNITY BANK,6,"$125,931 ","$755,586 "
"1,138",ST MARYS BANK,6,"$248,997 ","$1,493,979 "
"1,139",THE LENDING CENTER CORPORATION,6,"$138,514 ","$831,083 "
"1,140",THE MORTGAGE WAREHOUSE LLC,6,"$266,100 ","$1,596,597 "
"1,141",TOWER FEDERAL CREDIT UNION,6,"$404,238 ","$2,425,428 "
"1,142",VIBRANT CREDIT UNION,6,"$178,753 ","$1,072,517 "
"1,143",ACHIEVA CREDIT UNION,5,"$291,899 ","$1,459,494 "
"1,144",BANK OF GUAM,5,"$348,324 ","$1,741,619 "
"1,145",BANKERS BANK,5,"$160,868 ","$804,340 "
"1,146",BRIDGEWATER SAVINGS BANK,5,"$255,759 ","$1,278,794 "
"1,147",BRINKLEY MORTGAGE CORPORATION,5,"$163,116 ","$815,582 "
"1,148","CALCULATED RISK ANALYTICS,LLC",5,"$397,558 ","$1,987,791 "
"1,149",CAPITAL BANK CORP.,5,"$313,476 ","$1,567,380 "
"1,150",CAPITAL CREDIT UNION,5,"$198,345 ","$991,725 "
"1,151",CITIZENS BANK & TRUST CO,5,"$240,890 ","$1,204,450 "
"1,152",ELKHORN VALLEY BANK,5,"$166,710 ","$833,550 "
"1,153",EPHRATA NATIONAL BANK,5,"$189,525 ","$947,624 "
"1,154",FIRST FEDERAL SAVINGS,5,"$175,718 ","$878,592 "
"1,155",FIRST INDEPENDENCE NATIONAL BANK,5,"$241,942 ","$1,209,709 "
"1,156","FIRST SAVINGS BANK, FSB",5,"$315,405 ","$1,577,025 "
"1,157",GROUP 2000 REAL ESTATE SERVICE,5,"$319,402 ","$1,597,008 "
"1,158",LIBERTY SAVINGS BANK FSB,5,"$321,349 ","$1,606,746 "
"1,159",MIDWEST BANK NA,5,"$185,743 ","$928,716 "
"1,160",MOUNTAINONE BANK,5,"$361,714 ","$1,808,570 "
"1,161",NATIONWIDE MORTGAGE BANKERS INC,5,"$270,117 ","$1,350,584 "
"1,162",OAKTREE FUNDING CORPORATION,5,"$192,535 ","$962,674 "
"1,163",PINE BLUFF COTTON BELT FCU,5,"$172,600 ","$863,000 "
"1,164",PREMIER LENDING INC,5,"$709,707 ","$3,548,533 "
"1,165",REGENT FINANCIAL GROUP,5,"$219,465 ","$1,097,327 "
"1,166",RESOLUTE BANK,5,"$251,036 ","$1,255,179 "
"1,167",RG FEDERAL CREDIT UNION,5,"$134,027 ","$670,134 "
"1,168",SENIOR MORTGAGE BANKERS,5,"$155,013 ","$775,064 "
"1,169","SNAPFI, INC",5,"$514,946 ","$2,574,730 "
"1,170",STRONG HOME MORTGAGE LLC,5,"$496,009 ","$2,480,045 "
"1,171",TCF MORTGAGE CORP,5,"$382,606 ","$1,913,031 "
"1,172",THE FARMERS BANK,5,"$151,340 ","$756,702 "
"1,173",TIMBERWOOD BANK,5,"$207,530 ","$1,037,648 "
"1,174",TRISTAR BANK,5,"$206,972 ","$1,034,862 "
"1,175",ULSTER SAVINGS BANK,5,"$224,762 ","$1,123,809 "
"1,176",USE FEDERAL CREDIT UNION,5,"$221,325 ","$1,106,624 "
"1,177","WATERFORD BANK, N.A.",5,"$216,291 ","$1,081,457 "
"1,178",WEST PLAINS BANK & TRUST CO,5,"$173,320 ","$866,598 "
"1,179",WESTBURY BANK,5,"$274,146 ","$1,370,731 "
"1,180",ABERDEEN FEDERAL CREDIT UNION,4,"$168,005 ","$672,021 "
"1,181",AMERICAN MOMENTUM BANK,4,"$378,899 ","$1,515,594 "
"1,182",AMERICAN MORTGAGE & INSURANCE INC,4,"$435,520 ","$1,742,081 "
"1,183",ASSOCIATED CREDIT UNION OF TEXAS,4,"$292,973 ","$1,171,893 "
"1,184",BANK OF RUSTON,4,"$212,671 ","$850,685 "
"1,185",BAY BANK FSB,4,"$424,883 ","$1,699,530 "
"1,186",CAPITAL MORTGAGE SERVICES CORP,4,"$101,228 ","$404,910 "
"1,187",CENTRAL BANK OF BRANSON,4,"$226,350 ","$905,400 "
"1,188",CENTRAL BANK OF THE OZARKS,4,"$207,340 ","$829,361 "
"1,189",CONTINENTAL MORTGAGE BANKERS,4,"$343,841 ","$1,375,362 "
"1,190",CUMBERLAND BANK & TRUST,4,"$197,662 ","$790,646 "
"1,191",DEL NORTE BANK,4,"$183,208 ","$732,832 "
"1,192",DHA FINANCIAL LLC,4,"$474,282 ","$1,897,129 "
"1,193",EMC HOLDINGS LLC,4,"$609,311 ","$2,437,245 "
"1,194",EQUITABLE BANK,4,"$265,174 ","$1,060,696 "
"1,195",EVERLEND MORTGAGE COMPANY,4,"$261,040 ","$1,044,159 "
"1,196",FIRST FIDELITY BANK,4,"$153,853 ","$615,412 "
"1,197",FIRSTRUST BANK,4,"$278,754 ","$1,115,015 "
"1,198",HARBOR COMMUNITY BANK,4,"$172,722 ","$690,889 "
"1,199",KENNEBEC FEDERAL SAVINGS & LOAN,4,"$196,083 ","$784,330 "
"1,200",ML MORTGAGE,4,"$420,964 ","$1,683,857 "
"1,201","MSA MORTGAGE, LLC",4,"$325,331 ","$1,301,324 "
"1,202",OCEANFIRST BANK,4,"$248,107 ","$992,429 "
"1,203",PEGASUS BANK,4,"$412,291 ","$1,649,164 "
"1,204",SERVIS FIRST BANK,4,"$327,877 ","$1,311,508 "
"1,205",SOUND COMMUNITY BANK,4,"$295,048 ","$1,180,192 "
"1,206",THE BANK OF SOUTH CAROLINA,4,"$347,091 ","$1,388,364 "
"1,207",THOMPSON KANE & COMPANY LLC,4,"$270,649 ","$1,082,597 "
"1,208",1ST COLONIAL COMMUNITY BANK,3,"$289,387 ","$868,160 "
"1,209","AAKO, INC.",3,"$300,736 ","$902,207 "
"1,210",ALASKA USA MORTGAGE CO LLC,3,"$311,119 ","$933,356 "
"1,211",AMERICAN BANK CENTER,3,"$182,096 ","$546,287 "
"1,212","AMERICAN LENDING SOLUTIONS, LLC",3,"$126,395 ","$379,186 "
"1,213",AMERICAS MORTGAGE RESOURCE,3,"$313,262 ","$939,787 "
"1,214",BANC OF CALIFORNIA N.A.,3,"$564,178 ","$1,692,535 "
"1,215",BECKAM FUNDING CORP,3,"$322,058 ","$966,174 "
"1,216",BRAINERD S&L ASSN,3,"$238,228 ","$714,683 "
"1,217",BROADVIEW MORTGAGE CORP DBA HOME LOAN CONSULTANTS,3,"$552,742 ","$1,658,225 "
"1,218",CFCU COMMUNITY CREDIT UNION,3,"$152,324 ","$456,971 "
"1,219","CHOU TEAM REALTY, INC",3,"$191,500 ","$574,500 "
"1,220",CITIZENS COMMUNITY BANK,3,"$127,877 ","$383,631 "
"1,221",CITY NATIONAL BANK OF FLORIDA,3,"$279,306 ","$837,917 "
"1,222",COAST360 FEDERAL CREDIT UNION,3,"$231,667 ","$695,000 "
"1,223","COMMAND CAPITAL MORTGAGE SERVICES, LLC",3,"$226,497 ","$679,491 "
"1,224",COMMUNITY BANK & TRUST,3,"$162,139 ","$486,418 "
"1,225",CORNERSTONE MORTGAGE PARTNERS OF TEXAS LP,3,"$432,059 ","$1,296,178 "
"1,226",CORNHUSKER BANK,3,"$243,119 ","$729,356 "
"1,227",CREDENCE FUNDING CORP,3,"$341,067 ","$1,023,200 "
"1,228","CROSSFIRE FINANCIAL NETWORK, INC",3,"$269,867 ","$809,600 "
"1,229",CROWN MORTGAGE CORP,3,"$246,409 ","$739,227 "
"1,230",CUSO MORTGAGE INC.,3,"$234,656 ","$703,969 "
"1,231",FIRST COLUMBIA BANK & TRUST CO,3,"$192,239 ","$576,718 "
"1,232",FIRST HAWAIIAN BANK,3,"$335,490 ","$1,006,470 "
"1,233",FIRST LIBERTY BANK,3,"$279,196 ","$837,587 "
"1,234",FIRST NATIONAL BANK CORTEZ,3,"$178,173 ","$534,520 "
"1,235",FIRST NATIONAL BANK IN HOWELL,3,"$248,032 ","$744,096 "
"1,236",FIRST NEBRASKA BANK NA,3,"$171,253 ","$513,760 "
"1,237",FISHER FINANCIAL GROUP INC,3,"$216,149 ","$648,448 "
"1,238","FM HOME LOANS, LLC",3,"$241,010 ","$723,030 "
"1,239",FOOTE CAPITAL MORTGAGE COMPANY,3,"$219,313 ","$657,940 "
"1,240",GRAND BANK FOR SAVINGS,3,"$208,713 ","$626,139 "
"1,241",HIGHLANDS STATE BANK,3,"$318,923 ","$956,769 "
"1,242",HOME FINANCING CENTER INC,3,"$260,660 ","$781,980 "
"1,243",HOMEPROMISE CORPORATION,3,"$232,362 ","$697,085 "
"1,244",MIDWEST BANKCENTRE,3,"$234,911 ","$704,732 "
"1,245",MORTGAGE CLEARING CORP,3,"$243,270 ","$729,809 "
"1,246",MOUNT OLYMPUS MORTGAGE COMPANY,3,"$270,503 ","$811,510 "
"1,247",MULTIPLES MORTGAGE CORP,3,"$127,849 ","$383,547 "
"1,248",NORTHLAND AREA FEDERAL CREDIT UNION,3,"$153,667 ","$461,000 "
"1,249",PARK SQUARE HOME MORTGAGE LLC,3,"$280,534 ","$841,603 "
"1,250",QUONTIC BANK,3,"$253,759 ","$761,276 "
"1,251",RELOCATION MORTGAGE SERVICES INC,3,"$181,794 ","$545,383 "
"1,252",SOUND CREDIT UNION,3,"$316,602 ","$949,805 "
"1,253",SOUTHERN BANK OF TENNESSEE,3,"$252,497 ","$757,492 "
"1,254",SPACE COAST CREDIT UNION,3,"$298,300 ","$894,900 "
"1,255",STONEHAM BANK - A CO-OPERATIVE BANK,3,"$455,032 ","$1,365,097 "
"1,256",TEXAS BANK,3,"$160,960 ","$482,880 "
"1,257",TRUE NORTH FCU,3,"$360,996 ","$1,082,988 "
"1,258",AMERICAN BANK & TRUST,2,"$222,920 ","$445,839 "
"1,259",AMERICAN FEDERAL BANK,2,"$249,123 ","$498,245 "
"1,260",AMERITRUST MORTGAGE CORP,2,"$236,844 ","$473,688 "
"1,261",AUSTIN BANK NA,2,"$187,500 ","$375,000 "
"1,262",BANCO SANTANDER PUERTO RICO,2,"$146,822 ","$293,644 "
"1,263",BANK IOWA,2,"$74,158 ","$148,316 "
"1,264",BATH SAVINGS INSTITUTION,2,"$154,716 ","$309,431 "
"1,265",BLUELEAF LENDING LLC,2,"$458,964 ","$917,928 "
"1,266",CARIBE FEDERAL CREDIT UNION,2,"$247,415 ","$494,829 "
"1,267",CENTRAL BANK OF BOONE COUNTY,2,"$242,613 ","$485,225 "
"1,268",CHARTER OAK FEDERAL CREDIT UNION,2,"$205,403 ","$410,805 "
"1,269",CHOICEONE BANK,2,"$122,488 ","$244,975 "
"1,270",CITIZENS BANK,2,"$120,000 ","$240,000 "
"1,271",COMMUNITY BANK OF OAK PARK RIVER FOREST,2,"$223,040 ","$446,079 "
"1,272",COMMUNITY CREDIT UNION OF FL,2,"$263,036 ","$526,072 "
"1,273",COOPERATIVA AHORRO Y CREDITO LA PUERTORRIQUENA,2,"$138,794 ","$277,587 "
"1,274",COOPERATIVA DE AHORRO Y CREDITO ORIENTAL,2,"$185,818 ","$371,636 "
"1,275",CRESTLINE FUNDING CORP,2,"$483,700 ","$967,399 "
"1,276",FIRST BANK FINANCIAL CENTRE,2,"$168,250 ","$336,500 "
"1,277",FIRST COUNTY BANK,2,"$154,932 ","$309,864 "
"1,278",FIRST NATIONAL BANK OF SYRACUSE,2,"$220,630 ","$441,260 "
"1,279",FIRST SOUTH BANK,2,"$144,483 ","$288,965 "
"1,280",FOCUS BANK,2,"$197,349 ","$394,697 "
"1,281",FREESTAR FINANCIAL CREDIT UNION,2,"$265,263 ","$530,525 "
"1,282",HOME FEDERAL S&L,2,"$86,075 ","$172,150 "
"1,283",INOVA FEDERAL CREDIT UNION,2,"$179,435 ","$358,870 "
"1,284",JET DIRECT FUNDING CORP.,2,"$440,268 ","$880,535 "
"1,285",KLEINBANK,2,"$273,865 ","$547,729 "
"1,286",LATIN AMERICAN FINANCIAL CORP,2,"$148,260 ","$296,520 "
"1,287",LEGENDS BANK,2,"$340,000 ","$680,000 "
"1,288",LOGAN FINANCE CORP,2,"$248,766 ","$497,532 "
"1,289",METRO MORTGAGE CORP,2,"$132,734 ","$265,467 "
"1,290","METROPOLITAN HOME MORTGAGE, INC.",2,"$456,066 ","$912,132 "
"1,291",NATIONWIDE HOME LOANS INC,2,"$325,973 ","$651,946 "
"1,292",OKLAHOMA EMPLOYEES CREDIT UNION,2,"$235,309 ","$470,617 "
"1,293","PIONEER BANK, SSB",2,"$254,792 ","$509,583 "
"1,294",POLI MORTGAGE GROUP INC.,2,"$329,000 ","$658,000 "
"1,295",PORTAGE COMMUNITY BANK,2,"$256,279 ","$512,557 "
"1,296",RAYMOND JAMES BANK,2,"$223,035 ","$446,070 "
"1,297",RESIDENTIAL HOME MORTGAGE CORPORATION,2,"$418,709 ","$837,417 "
"1,298",RSNB BANK,2,"$277,860 ","$555,719 "
"1,299",SANFORD INSTITUTION FOR SAVINGS,2,"$266,706 ","$533,412 "
"1,300",SETTLERS BANK,2,"$162,012 ","$324,024 "
"1,301",SIERRA PACIFIC MORTGAGE DBA 1ST CHOICE MORTGAGE,2,"$394,573 ","$789,145 "
"1,302",SUSQUEHANNA COMMUNITY BANK,2,"$183,819 ","$367,637 "
"1,303",THE HONESDALE NATIONAL BANK,2,"$137,871 ","$275,741 "
"1,304",TRAVERSE CITY STATE BANK,2,"$169,416 ","$338,832 "
"1,305","TRI-EMERALD FINANCIAL GROUP, INC",2,"$424,351 ","$848,702 "
"1,306",UNION STATE BANK,2,"$302,986 ","$605,971 "
"1,307",US LENDING  & FINANCE LTD,2,"$190,938 ","$381,876 "
"1,308",VALLEY BANK RONAN,2,"$343,066 ","$686,132 "
"1,309",VENTURA COUNTY CREDIT UNION,2,"$445,473 ","$890,945 "
"1,310",WASHITA MORTGAGE INC,2,"$264,455 ","$528,910 "
"1,311",WESTERN COMMERCE BANK,2,"$175,443 ","$350,885 "
"1,312",ACCEPTANCE CAPITAL MTG CORP,1,"$392,000 ","$392,000 "
"1,313","ALL IN ONE MORTGAGE LENDERS, LLC",1,"$236,060 ","$236,060 "
"1,314",ARTISANS' BANK,1,"$285,000 ","$285,000 "
"1,315",ASHEVILLE SAVINGS BANK SSB,1,"$254,353 ","$254,353 "
"1,316","BAKER AND LINDSEY, INC.",1,"$142,907 ","$142,907 "
"1,317",BANK MIDWEST,1,"$206,239 ","$206,239 "
"1,318",BANKFIRST,1,"$170,000 ","$170,000 "
"1,319",BUCKEYE STATE BANK,1,"$296,000 ","$296,000 "
"1,320",CAPITAL INTERNATIONAL FINANCIAL INC.,1,"$382,106 ","$382,106 "
"1,321","CASH COW FUNDING, INC.",1,"$302,292 ","$302,292 "
"1,322",CEDAR POINT FEDERAL CREDIT UNION,1,"$240,000 ","$240,000 "
"1,323",CENTRAL BANK OF SEDALIA,1,"$135,000 ","$135,000 "
"1,324",CHELSEA GROTON BANK,1,"$242,155 ","$242,155 "
"1,325",CITIZENS NATIONAL BANK OF PARK RAPIDS,1,"$124,623 ","$124,623 "
"1,326",COOPERATIVA A/C DE AGUADA,1,"$86,062 ","$86,062 "
"1,327",COOPERATIVA A/C DE CAMUY,1,"$142,000 ","$142,000 "
"1,328",COOPERATIVA A/C DE RINCON,1,"$90,000 ","$90,000 "
"1,329",CUSTOMERS BANK,1,"$234,900 ","$234,900 "
"1,330",CYPRUS FEDERAL CREDIT UNION,1,"$248,500 ","$248,500 "
"1,331",D L EVANS BANK,1,"$255,000 ","$255,000 "
"1,332",EAGLE HOME MORTGAGE OF CALIFORNIA,1,"$513,651 ","$513,651 "
"1,333",ECU MORTGAGE LLC,1,"$295,000 ","$295,000 "
"1,334",EQUITY NOW INC.,1,"$222,176 ","$222,176 "
"1,335",EXPRESS SOLUTIONS MORTGAGE CORP,1,"$179,000 ","$179,000 "
"1,336",FIRST DIRECT LENDING LLC,1,"$373,946 ","$373,946 "
"1,337",FIRST FEDERAL S&L ASSN OF GREENE CO,1,"$90,000 ","$90,000 "
"1,338",FIRST FEDERAL SAVINGS BANK OF BOSTON,1,"$389,500 ","$389,500 "
"1,339","FIRST ROBINSON SAVINGS BANK, N.A.",1,"$168,547 ","$168,547 "
"1,340","FLAGSHIP FINANCIAL SERVICES, LLC",1,"$279,900 ","$279,900 "
"1,341",GREAT LAKES CREDIT UNION,1,"$148,117 ","$148,117 "
"1,342",HAWAII STATE FEDERAL CREDIT UNION,1,"$384,750 ","$384,750 "
"1,343",HEARTLAND BANK,1,"$100,000 ","$100,000 "
"1,344","INDEPENDENCE BANCSHARES MORTGAGE GROUP, LLC",1,"$220,644 ","$220,644 "
"1,345",INDUSTRIAL BANK NA,1,"$336,073 ","$336,073 "
"1,346","INTEGRITY FIRST BANK, NA",1,"$165,000 ","$165,000 "
"1,347",LAKEVIEW LOAN SERVICING,1,"$291,000 ","$291,000 "
"1,348",MANHATTAN FINANCIAL GROUP INC,1,"$290,000 ","$290,000 "
"1,349","MICHIGAN FIRST MORTGAGE, INC",1,"$105,000 ","$105,000 "
"1,350",MONARCH BANK,1,"$358,000 ","$358,000 "
"1,351",MORTGAGE ASSURANCE INC,1,"$418,815 ","$418,815 "
"1,352",NATIONAL BANK OF BLACKSBURG,1,"$106,600 ","$106,600 "
"1,353",NATIONWIDE BANK,1,"$98,000 ","$98,000 "
"1,354",NORTH DAKOTA HOUSING FINANCE AGENCY,1,"$107,257 ","$107,257 "
"1,355","OBSIDIAN FINANCIAL SERVICES, INC.",1,"$510,025 ","$510,025 "
"1,356",OCEAN STATE CREDIT UNION,1,"$267,547 ","$267,547 "
"1,357",OCEANSIDE MORTGAGE COMPANY,1,"$311,500 ","$311,500 "
"1,358","OMEGA FINANCIAL SERVICES, INC",1,"$251,000 ","$251,000 "
"1,359",OPES ADVISORS INC,1,"$399,999 ","$399,999 "
"1,360",PARAGON BANK,1,"$275,000 ","$275,000 "
"1,361",PINNACLE LENDING GROUP INC,1,"$404,985 ","$404,985 "
"1,362",PODIUM MORTGAGE CAPITAL LLC,1,"$199,000 ","$199,000 "
"1,363","PRIMARY CAPITAL MORTGAGE, LLC",1,"$357,525 ","$357,525 "
"1,364",PRIME CHOICE FUNDING INC,1,"$284,900 ","$284,900 "
"1,365",PRIMUS LENDING CORP,1,"$486,744 ","$486,744 "
"1,366",PROGRESSIVE BANK,1,"$203,501 ","$203,501 "
"1,367","PROSPECT MORTGAGE, LLC",1,"$153,225 ","$153,225 "
"1,368","PROVIDENT STATE BANK, INC.",1,"$389,120 ","$389,120 "
"1,369",PUTNAM BANK,1,"$158,332 ","$158,332 "
"1,370","RENEW LENDING, INC",1,"$176,326 ","$176,326 "
"1,371",RHODE ISLAND HOUSING & MORTGAGE FINANCE,1,"$168,547 ","$168,547 "
"1,372",RPM MORTGAGE INC,1,"$310,000 ","$310,000 "
"1,373",SEATTLE CREDIT UNION,1,"$329,944 ","$329,944 "
"1,374",SECURE ONE CAPITAL CORPORATION,1,"$443,331 ","$443,331 "
"1,375","SIWELL, INC",1,"$125,000 ","$125,000 "
"1,376",STATE BANK OF ALCESTER,1,"$187,902 ","$187,902 "
"1,377",SUMNER BANK & TRUST,1,"$133,816 ","$133,816 "
"1,378",THRIVENT FEDERAL CREDIT UNION,1,"$180,000 ","$180,000 "
"1,379",TIMBERLAND BANK,1,"$300,000 ","$300,000 "
"1,380",TURBOTVILLE NATIONAL BANK,1,"$275,805 ","$275,805 "
"1,381",UBERMORTGAGE INC.,1,"$345,000 ","$345,000 "
"1,382",VELLUM MORTGAGE LLC,1,"$550,000 ","$550,000 "
"1,383",VIRGINIA HOUSING DEVELOPMENT AUTH,1,"$171,500 ","$171,500 "
"1,384",WESCOM CENTRAL CREDIT UNION,1,"$398,385 ","$398,385 "
"1,385",WEST CENTRAL BANK,1,"$230,400 ","$230,400 "